ids, screen_name, followers, retweet, inreplyto, favorite, friends, listed, text
846210447544008705,Laurarode2,777,1,,0,679,1,RT @Kaladious: Wiretaps may prove Trump right ‚Äî and that's absolutely terrifying https://t.co/LxuJICLyXn via @nypost
20144094,wbotting,508,212,,0,2250,11,"RT @JuddLegum: Mike Pence, apparently, can't even remember Paul Manafort's name. Referred to him as ""somebody"" on Fox &amp; Friends https://t.c‚Ä¶"
62666453,danspena,10780,0,,1,1494,385,I RECALL WHEN I STIRRED U 2 HEALTHCARE IN MID 80s-U HAV CONTINUED 2 MAKE ME PROUD-I TELL ALL U WILL B NXT PRESIDENT‚Ä¶ https://t.co/2NUbNhpJqa
21165955,SunnyGirlLori,14273,0,,0,10081,262,Trump Likened to ‚Äòa Dog Barking‚Äô by North Korea‚Äôs Top Envoy https://t.co/C0nBSvz8d4
78094182,annvandersteel,18211,21,,0,4960,93,"RT @mitchellvii: Why is Trump backing Strange?
Maybe Trump needs GOPe for #TaxReform more than Moore needs Trump? Moore still wins and Trum‚Ä¶"
4365927557,Astro_journey,2127,2213,,0,4760,114,"RT @kurteichenwald: Now: Ur guaranteed u can buy milk for $2
GOP: U might get 2 buy milk - for $150,000
Trump: Everyone's guaranteed milk b‚Ä¶"
899305093119565824,TrumpJesus5,424,1507,,0,591,1,RT @RVAwonk: NEW: Russians Appear to Use Facebook to Push Trump Rallies in 17 U.S. Cities https://t.co/HkHjxLaP7u
2790473299,Bvby_Boyy,1955,13698,,0,1514,21,"RT @davidmackau: Trump, at a lunch with African leaders, refers to the non-existent country of ""Nambia."" https://t.co/N8megnC1Xi"
26901612,teppy713,230,238,,0,1286,7,RT @peterdaou: He tries to fly under the radar but just a reminder that #MikePence fully supports Trump's views. https://t.co/OPQyAUd75g
873531413684920320,MattJ5000,130,3,,0,114,0,RT @TruthFeedNews: OUCH! Rosie O‚ÄôDonnell‚Äôs Daughter Humiliates Her Publicly https://t.co/ybEWvfrQYd via @truthfeednews #maga #trumptrain #t‚Ä¶
49034507,real_defender,14328,0,,0,2182,109,Samantha Power is responsible for the unmasking requests of over 260 citizens and Trump team members in 2016. Call her and Obama to testify!
820228413852098560,ChangeLifeCycle,611,3,,0,5002,23,RT @bcburden: Wisdom of the crowd: The public gave Trump a better chance of winning than it gave Romney in 2012 or McCain in 2008. https://‚Ä¶
2148516500,governn1,1239,0,,0,1455,43,"Donald Trump's lawyer Paul Manafort joined Twitter in 2016 and has since tweeted about Russia, Clinton and other‚Ä¶"
19205786,loreleidesigns,622,995,,0,707,5,"RT @CNN: ""Its possible"" President Trump's voice was picked up in a wiretap of Paul Manafort, says former spy chief Clapper https://t.co/2EL‚Ä¶"
825739263258009601,trumpresigned,46,0,,0,47,4,Trump have not resind resigned from presedent of the USA. We wait for 243 days and 23 hour. #MarchForScience
14816721,repsac3,920,901,,0,3523,46,RT @Impeach_D_Trump: @BreakingDTrump @realDonaldTrump And when people want to bring this to your attention you simply block them on Twitter‚Ä¶
8418182,marywieseman,80,39,,0,133,2,"RT @paulapoundstone: Did Melania Trump really tell the U.N. to live by the Golden Rule? If we did unto her as she has done unto us, she'd b‚Ä¶"
770702258,SoccerNCW23,234,25,,0,783,11,"RT @RepTimRyan: About as accurate a statement as a positive review of ""Trump Steaks."" https://t.co/WerogO06Xg"
832810748682199040,conpropaganda,218,0,,0,460,0,Trump: State of California is 'an enemy of the people' - https://t.co/2nlfr8azYl
1109362010,searchforbetter,134,1010,,0,1708,3,"RT @RWPUSA: Trump ethics: an emolumental mess.

Steve Mnuchin jet request only the start of White House ethics issues https://t.co/eQvXWlJK‚Ä¶"
2833753743,eleaks_reina,168,0,,0,739,18,"OnPolitics Today: GOP lawmakers go silent on funding Trump'... Re:Sassen-Territory, Authority, Rights https://t.co/9cClCp9y6l"
365964884,JairoJGR,183,2,,0,677,11,"RT @AlexMitchell5: Donald Trump talks war at UN General Assembly peace summit.See here:
https://t.co/JBiCWd5u8K"
176480127,DISONANCE_,792,301,,0,730,16,"RT @HackneyAbbott: KMT üòí ""Trump congratulates African leaders for making his friends rich"" https://t.co/vMGt1jOHLw"
825765764909121537,sterlingC69,991,56,,0,1601,2,"RT @BigAlDell: @TrueFactsStated Hubris will be their downfall. Trump, Pence, Ryan, Don Jr., Ivanka &amp; on &amp; on. They can think what they want‚Ä¶"
1428794820,wolverines_dad,3611,299,,0,4712,108,"RT @RealJamesWoods: ""The kind of crisis we now face with North Korea"" is the result of another ""diplomacy"" disaster like this one. #Iran ht‚Ä¶"
798300135277154304,TrumpWatchNews,392,99,,0,965,29,RT @sarahkendzior: This is quite the list of Trump-friendly oligarchs Putin has assembled. Interesting that Kremlin chose to release it to‚Ä¶
65618767,MichaelBarnes54,2857,30,,0,2528,58,RT @peterjukes: Farage tries to attack the BBC. Meanwhile FBI's probe into Trump Russia links close in around former UKIP boss   https://t.‚Ä¶
335075601,SimiBijak,666,33,,0,871,1,"RT @HahnAmerica: The Trump ""Uncertainty Principle"" - https://t.co/Osxej4Aee5 - By @KueblerSusan via @EatPrayVote"
605558365,JoseCardenasUSA,830,0,,0,344,41,"Great strategy by #Cuba. Help create crisis in #Venezuela, then get paid off for helping to 'solve' it...

https://t.co/GKUBof5n29"
18622906,Marty1160,543,0,,0,1276,19,"Barack Obama Lied
Susan Rice Spied
The Dems Cried 
üò¢üò¢üò¢üò¢
TRUMP Defied  
Dems lied
üëçüá∫üá∏üëçüá∫üá∏ü§† https://t.co/c8N3QrpQPN"
3298328944,Tomahawk2020,234,1,,0,413,62,RT @aevanko: Arms teasing possibility of ‚Äòsuper heavy‚Äô arms that trump the current heavy weapons in a showdown https://t.co/9UTz0SCGIJ
3219603121,filibustering_,156,5945,,0,174,1,"RT @theGrio: This Trump supporting student tried to get an undocumented classmate deported, but instead he got himself expelled: https://t.‚Ä¶"
2396511733,scarserranoo,462,7791,,0,666,0,RT @caurlaus: Read the replies and tell me Trump supporters aren't racist and insensitive little pieces of shit. https://t.co/de0WQFyGDH
872881071007858689,CjaCarole,131,9186,,0,233,0,"RT @funder: Retweet if u want to ruin Trump's day.

Help fund our ad campaign to save Obamacare below.üëá

#Resist #AMJoy #SaveACA
https://t.‚Ä¶"
339194362,royparrish,2481,0,,0,2164,107,Report: But Swamp Fears Domino Effect if Luther Strange Defeated - Breitbart https://t.co/EHhu823kBE via @BreitbartNews Patriot Moore=a MUST
466227651,ItalianNYer,73,99,,0,77,1,RT @DisavowTrump16: Sally Yates spoke truth to power and stood up to the Trump Administration! RETWEET if you support her! #ThursdayThought‚Ä¶
1918188062,Danny__fcb,4222,6336,,0,1946,54,RT @IrisRimon: Donald Trump once spent his days grabbing random women by the pussy. Last year you elected him president. https://t.co/x2zN0‚Ä¶
2163009374,EVOKE,15919,0,,0,118,186,"Find out why Ivanka Trump is being roasted online, the latest gossip, style and more on EVOKE.ie‚Ä¶ https://t.co/Pih9GUBVHP"
15995320,cbarbanel,136,25,,0,176,3,"RT @SafetyPinDaily: Trump‚Äôs Phoenix campaign rally cost $450,000: that's just the latest taxpayer expense of his presidency |@newsweek
http‚Ä¶"
794279156552863744,logic_avenger,943,1,,0,1402,22,"RT @cindyrelish: It's sad to know that Coulter is not kidding. She is so hideously racist, I believe that she is dead serious. https://t.co‚Ä¶"
790105210479837184,Fasstloaded_com,162,0,,0,74,2,Sound of a Barking Dog: North Korea Mocks President Trump‚Äôs Speech at the¬†UNGA https://t.co/8J77jmEzTg https://t.co/witCUzleVk
516668595,Illiberalality,4766,0,,0,4562,77,#NOStrange Report: Trump Reluctant to Campaign in Alabama ‚Äî But Swamp Fears Domino Effect if Luther Strange Defeated https://t.co/XfqOgYKJYw
48851477,_is_ur,543,3596,,0,2615,6,RT @ajplus: Watch how Iran's president addresses the United Nations. Then watch President Trump. https://t.co/ZrVbeyT00F
335416672,sjfpc,16127,0,,0,10841,272,Trump is right. The corporate rate should be 15%. But it's not that simple - https://t.co/D0YTABvID5
15828458,ponyexpress_gsc,2644,199,,0,3415,60,"RT @USNJack: If you don‚Äôt see that the @FBI created the Russian Dossier as ""evidence"" for FISA warrants to spy on Team Trump, you are too d‚Ä¶"
823337401061937152,SPEAKUPJULIA,2228,508,,0,902,10,"RT @SaysHummingbird: I can't wait to see Donald Trump's arrogant face in prison. Who's with me? üòä

#MuellerTime"
88348765,the_klute,1209,0,,0,1776,67,Reason why @kilmeade didn't address #JimmyKimmel on @foxandfriends this morning? B/c Trump would have seen it. Kilmeade's a fuckin' coward.
894385591982444544,loudclearradio,56,0,,0,16,0,".Greg Mello and @AMercouris, join us to discuss Trump's UN speech, threats toward Iran and the nuclear deal's futur‚Ä¶ https://t.co/ZWEWnODOmo"
774672882,phendricks71,3144,1028,,0,4743,246,"RT @TeaPainUSA: Even though Paul ""the Moscow Mule"" Manafort helped Trump get elected, the bigger concern is that he handpicked Pence as the‚Ä¶"
818890898352340992,_MsRomain4,113,5945,,0,109,1,"RT @theGrio: This Trump supporting student tried to get an undocumented classmate deported, but instead he got himself expelled: https://t.‚Ä¶"
56516570,pehenne,1101,0,,0,568,66,Trump seems to be taking UAE/Saudi side in #Qatarcrisis   https://t.co/1Ws5DhrEV2 backing claim that this is needed to counter Iran
26133050,NotYourName,1127,0,,0,620,43,*Kanye voice* Donald Trump does not care about Puerto Rican's.
156519038,Dani_C_R,34,33,,0,176,0,"RT @HahnAmerica: The Trump ""Uncertainty Principle"" - https://t.co/Osxej4Aee5 - By @KueblerSusan via @EatPrayVote"
1026742951,WTOM5150,439,465,,0,558,8,"RT @StockMonsterUSA: Where the Hell is our Attorney General on all this ??? On Hillary ?? On Comey, Mueller, Rosenstein Collusion on Trump!‚Ä¶"
799036475065139200,aleppo_breaking,120,0,,0,97,1,If you are a liberal looking for something to bitch about Trump.
1049560369,cheezwitham,4865,1,,0,3945,511,RT @leeleslan: The republicans are pushing the panic button on the health care bill.  They want to take extra money for tax cuts for the ri‚Ä¶
9694042,NAFSA,27781,0,,0,7386,772,Immigration is vital to both rural and urban economic growth in US. https://t.co/k0Apzo0Ff3 @WelcomingUSA #WelcomingWeek #YouAreWelcomeHere
4306530132,DerekPells,122,654,,0,78,7,RT @KrangTNelson: Your Refusal to Date Socially Inept KKK Sympathizers Whom Love Wizard Culture is Why Trump Won by James Damore
2418815453,LibProgressDems,353,0,,0,808,8,"Under Trump, most Americans lack the basic knowledge to understand current events, study finds https://t.co/0q8RuCdJ67"
86796377,JeffLee2020,2550,0,,0,150,372,Trump To Impose More Sanctions On North Korea Today | Zero Hedge https://t.co/7uMUa6xcMs
262069441,Mattsplat72,82,0,TRUMP_NAMVET,0,216,3,@TRUMP_NAMVET @mosesbread72 Aw did your whittle feelings get hurt? Put out your tiki torch and get a maxipad mary
2524967623,skyclad_dancer,2877,3018,,0,4095,0,"RT @brianklaas: The day after Trump tweeted this in 2016, his campaign chairman e-mailed a billionaire oligarch/Putin ally &amp; offered him a‚Ä¶"
747669864756711424,TiptonTrump16,152,0,,0,961,30,Vote Scott Tipton &amp; #TRUMP to MAKE CO-03 GREAT AGAIN! https://t.co/2oOvYQmnPG
3032888096,don17571,15,0,,0,0,6,The Many Exasperated Faces of White House Chief of Staff John Kelly https://t.co/amsfoghIZC Why'd Trump pick a jerk off who voted 4 Clinton?
4203733813,Beverly86418528,1112,232,,0,438,48,"RT @polishprincessh: Voted for Trump &amp; I will again in 2020. The far left has shown us their true colors Before, During &amp; Especially after‚Ä¶"
3088250780,gorpenyuk_ilya,67,9,,0,6,1,RT @BeltwayPundit: #ELLEN: CAN'T HAVE '#DANGEROUS' #TRUMP ON MY SHOW... https://t.co/xLp2fiY33R
187107028,mr_olmedo,274,6,,0,300,17,RT @TelegraphNews: Where is Nambia? Donald Trump praises healthcare of country which doesn't exist https://t.co/QJzSRDK2P5
873531413684920320,MattJ5000,130,17,,0,114,0,RT @TruthFeedNews: Curt Schilling Sounds Off on Athletes Refusing to Respect National Anthem and Flag https://t.co/0f4Oya85Mq via @truthfee‚Ä¶
1083966913,ArmedMommy,1180,0,,0,362,15,Secret Service On High Alert After Muslim Leader Reveals Their Disturbing Plot For President Trump... https://t.co/0mBehi50Lx
755293008820629504,ElaineDeyoe,2787,18,,0,3362,13,"RT @aliasvaughn: cc @Maddow @MaddowBlog  Deripaska landed 25 miles from Trump NJ golf club, was there Sept 17 and 18. Right as Don Jr ditch‚Ä¶"
22209659,Mina001,2869,561,,0,2433,9,RT @BreitbartNews: They're still trying to claim they were right because there weren't literal bugs in all of Trump Tower's landlines. http‚Ä¶
174048465,nyc118,783,0,,0,597,40,Why is Trump not talking about Russia trading with North Korea? https://t.co/LqBH1YwAn2
2546920704,SexyHealthTips,3916,302,,0,218,1925,RT @DerekCressman: Here's why Jimmy Kimmel (entertainer) is more qualified than Donald Trump (entertainer) to discuss health care https://t‚Ä¶
211314817,pnwretired,364,580,,0,151,11,"RT @Fuctupmind: Samantha Power
Rice
Brennan
Power one request for every working day in 2016 ‚Äì and sought info in the days leading up to Tru‚Ä¶"
79302229,accelerance,3522,0,,0,3086,301,Trump the #Outsourcing Discussion: Here‚Äôs Why U.S. Companies #Outsource #Software #Development https://t.co/6FGTOM45I9
398110728,therussophile,5771,14,,0,2672,203,RT @jackleisen: .@SibelEdmonds Last Off Ramp for Korean Peace Ahead! Will the Deep State Let Trump Take It? @o_rips @NewsBud_ https://t.co/‚Ä¶
18653289,StackBoi,116,25,,0,214,0,RT @BreitbartNews: Surely THIS will stump the Trump! https://t.co/ro32XiimUv
168524035,shondi99,13370,1434,,0,13073,328,RT @sarahkendzior: It's now been over a year since Harry Reid sent his letter to Comey asking to make Trump/Russia election threat public.‚Ä¶
4418147727,mrhman69,349,45,,0,538,31,"RT @2nd_Amend_Right: First Lady Melania Trump
Gracious 
Stunning 
Caring

üá∫üá∏üá∫üá∏üá∫üá∏üá∫üá∏@FLOTUS 

True Class! Please RT if you agree! https://t.c‚Ä¶"
52230962,PoliticalAnt,16253,0,,0,8460,599,I bet there are Trump supporters who think they're #FakeJews. Sigh. #UNGA https://t.co/klMce77T30
107150361,Fabiolucv,612,0,,0,306,23,Trump vows more sanctions over North Korea's nuclear buildup https://t.co/AbrMa7IaZi https://t.co/nB0EF2XtTO
877326485211693056,doswald3060,116,43,,0,595,0,"RT @OhNoSheTwitnt: The sad thing is this wouldn't feel like a solid burn if Trump weren't a heartless monster. But he is, so it is, and I l‚Ä¶"
28619320,cmputrwiz,2057,0,,1,5001,34,"(So, Trump's ""losers"" win again?) Graham-Cassidy takes funds from some of the neediest and sickest states, writes https://t.co/2zLOy62LjF"
633706337,PamirNews,4723,11,,0,979,42,RT @LNajafizada: Trump &amp; Ghani meeting at UNGA. First meeting of the two since Trump's Afghanistan policy announcement last month. https://‚Ä¶
3617462957,velvetcrystals,240,69500,,0,280,2,RT @lustforgays: melania when trump dies https://t.co/KudjG5AJiK
300991237,hreinamom,273,0,,0,704,10,"Legal expert: Donald Trump and Paul Manafort may both be ""going down"" over wiretap https://t.co/em4QpKmHqR via @PalmerReport"
3865336332,XaviorXelove013,180,655,,0,396,0,RT @Zyphree_: When trump took over after Obama https://t.co/0gdMBlQ1CP
4856364013,Kellydanes1,2100,87,,0,73,194,RT @LVNancy: The Elites &amp; Experts on Foreign policy who criticize #Trump on his speech are the ones that have left the world a mess  #UNGA‚Ä¶
85343892,AOLdotUK,1859,0,,1,727,110,Prince Harry to meet Melania Trump on Canadian @WeAreInvictus Games trip https://t.co/gKVMrKSkgr via @AOLdotUK‚Ä¶ https://t.co/UNNrsc1phS
835836253580877824,MariaBlois,18,0,MariaBlois,2,101,0,@FoxNews @FoxNewsInsider @MaxineWaters @POTUS TIMES WHEN WATERS=SO MENTALLY/EMOTIONALLY OBSESSED WITH TRUMP=TRUE FE‚Ä¶ https://t.co/nCMYQFbev8
1902293946,franmcc14,574,134,,0,908,5,"RT @BreitbartNews: A Strange defeat ‚Äúcould prompt some GOP senators to retire to avoid facing the wrath of anti-establishment voters‚Äù 
 htt‚Ä¶"
560817896,TinaJac22661258,9820,486,,0,9669,206,RT @justinhendrix: McClatchy: Trump bodyguard Gary Uher was FBI agent involved in  complex deal to bring Sater back from Russia in 90s: htt‚Ä¶
829219480932929536,marccruzzzer,30,0,marccruzzzer,0,63,2,@mikecokere @ChihotaElijah @Tspittah @mikegiannoni Naturally some of his convo w/ tRump got recorded once he joined‚Ä¶ https://t.co/uP89dECFxE
18061792,Latina,157958,1,,3,1662,1666,"Justice has been served. üëèüèº
https://t.co/khiGnuLhUK"
590651831,TonyCapone4,298,32,,0,699,43,RT @davidicke: Donald Trump calls Iran a 'murderous regime' in surprisingly hostile UN speech https://t.co/uYTIG60hw2 https://t.co/kXDpPDW5‚Ä¶
15723290,TIMEPolitics,51309,0,,0,767,1582,President Trump says he expected a health care bill on his desk as soon as he got into office https://t.co/Fkho4YEwcP via @aricwithan_a
897596755424030722,rashemckay,323,44,,0,754,0,"RT @TheGangPodcast: Namibia, Zambia &amp; The Gambia's reaction when Trump refers to #Nambia. https://t.co/omwRlrMOJz"
3111993791,dwthompson1945,5536,1040,,0,4351,94,RT @10_gop: A Maine woman says that she would rather go to jail than take down her signs in support of President Trump. https://t.co/cirSCA‚Ä¶
1276667894,etbreck,224,5078,,0,866,14,"RT @crampell: Remember how Trump bragged about getting Manafort's services for free? If you aren't paying, you're not the customer -- you'r‚Ä¶"
202282048,sharm629,583,581,,0,1155,42,RT @nowthisnews: Trump staffers are living large on taxpayer money ‚Äî and this ethics lawyer says it's straight-up offensive https://t.co/Hs‚Ä¶
899351140097298432,HumanBeing_8_,14,0,,0,279,0,"Trump praises nonexistent African country - Never ceases 2 amaze; JUST when U think Trump can't possibly B ""dumber""! https://t.co/GahLYLKkOG"
265508799,BellaMagnani,3412,319,,0,575,128,"RT @dcexaminer: James Clapper: ""It's possible"" that Trump's voice was picked up by Manafort wiretap https://t.co/ZnCQIsYdYX https://t.co/Ei‚Ä¶"
828230269492674560,David86279674,536,1,,0,1421,3,"RT @Blacklace40: If it wasn't for Gen. Kelly and Gen. Mattis, Trump would have already started a war with DPRK. Nobody else in WH to stop h‚Ä¶"
399503346,1MikeGulley,89,195,,0,70,1,RT @AnneRiceAuthor: Spicer's appearance at the Emmys likely infuriated Trump; it was a bold move by Spicer to expose Trump as a total liar.‚Ä¶
323604976,vanessahoeden,414,69502,,0,283,0,RT @lustforgays: melania when trump dies https://t.co/KudjG5AJiK
2790337648,janu282,494,575,,0,1079,2,"RT @DC_Resister_Bee: @TalbertSwan @TaIbertSwan @realDonaldTrump Lying Coward Trump

Blocked woman with Stage IV cancer - for commenting on‚Ä¶"
781164767708712962,KennedyHDnation,2207,4,,0,1989,8,RT @BusterUSMC: Roger Stone: Mueller Has Told Manafort To Lie About Trump Or He Will Be Railroaded To Prison https://t.co/tHXZHTCV4S
2200851425,larryqqueen,1618,109,,0,894,147,"RT @MCCNP: Obama admin wire tapped Trump Campaign now proven. Yet, still no special counsel. Time to FIRE SESSIONS
#FireSessions https://t.‚Ä¶"
432087297,HollandCooke,1561,0,,0,291,155,"WHAT IF - instead of nuke threats - #Trump used #UN opportunity to tell #KimJungUn ""Meet me in Geneva?""‚Ä¶ https://t.co/mk1coRA7vj"
40318151,knights35,41,1022,,0,298,4,RT @chuckwoolery: A strong speech at the UN by #Trump doesn't sit well with the left and our enemies. They are one of the same. Good for hi‚Ä¶
778711561800065025,TrumpFirehose,75,0,,0,1,36,Trump vows more sanctions over N. Korea&amp;rsquo;s nuke buildup https://t.co/4AZJ30nXur
725865427746709504,JudithB24227796,448,0,DRUDGE_REPORT,0,283,14,@DRUDGE_REPORT Blaming President Trump for being a hasbeen!
14304879,conradking,1455,0,,0,1956,23,This Trump Judicial Nominee Once Said Trans Kids Are Evidence Of 'Satan's Plan' https://t.co/D6LvyColvp
1475687646,MaRicky8675309,752,37,,0,355,62,RT @3lectric5heep: Daniel Greenfield: Why Obama Really Spied On Trump: ‚ÄòIt‚Äôs not just ideology. It‚Äôs raw fear.‚Äô https://t.co/K978f948Um @3l‚Ä¶
545474475,coton_luver,11370,1,,1,4498,119,#velshiruhle Dem Senator Merkley called out Trump's HHS Sec. Tom Price on the GOP's secret health care bill https://t.co/sHhUB4woM5
159110985,tdiaspro,4678,0,,0,5112,35,"Lawnmower Boy‚Äô Wrote To Obama And Asked To Mow White House Lawn, But His Response Was WAY Different From Trump‚Äôs! https://t.co/gG43strgSz"
109909277,Schindog77,75,0,soirredeemable,0,147,1,@soirredeemable I love how all the people who can't deal with Trump being our President commented on your post. The‚Ä¶ https://t.co/tDBM10t5BB
1321040010,wondermomwic,922,229,,0,565,71,"RT @NatashaBertrand: 1) Manafort allegedly disappeared w/Deripaska‚Äôs $$‚Äînot vice versa. 
2) He suddenly stopped trying to collect after Tru‚Ä¶"
311549242,tshep42,3385,5,,0,2914,148,RT @Independent: Sean Spicer 'doesn't think' he lied while working for Trump https://t.co/uuEk850vME
154881723,fahimdhaka2010,3995,0,,0,585,34,Trump Imposing New Sanctions on North¬†Korea https://t.co/LhEt63dRQt https://t.co/ZBhweo1SWu
68045552,AmyCPhotos,184,3346,,0,233,3,RT @SheriffClarke: It matters NOT here whether a warrant authorized wiretaps. A warrant this highly political should have been refused. htt‚Ä¶
868805886,MarieA51494842,2978,3,,0,3870,81,"RT @gbroh10: MT @JrcheneyJohn: Trump wants Tax Cuts &amp; Tax Reform. Problem, Lack Of Leadership! https://t.co/miZgvWlJy9 #MooreSenate #DitchM‚Ä¶"
280754415,carsonp1220,18,456,,0,101,1,"RT @washingtonpost: Jimmy Kimmel doubles down, slams Sen. Bill Cassidy, Trump and ""Fox &amp; Friends"" over health-care bill https://t.co/iy3kNf‚Ä¶"
103437415,unclevic27,1010,0,,0,2090,18,New Round Of Twitter Attacks Takes Aim At Barron Trump https://t.co/bwQqV2mo8T
701074879278407681,AjadeanPiper,108,65,,0,240,6,RT @RMSchneiderman: How the right lost its mind and embraced Donald Trump https://t.co/4K3oedZEpe @NaveedAJamali @MalcolmNance @maddow @Joy‚Ä¶
823552235607101441,vettesandplanes,751,2295,,0,714,2,"RT @SharylAttkisson: It looks like Obama did spy on Trump, just as he apparently did to me. Wish me luck in my next hearing v. DOJ Fri. htt‚Ä¶"
2763596818,hellnk,1091,33,,0,1896,15,RT @wiley_steve: Watergate 2.0: Obama Regime Wiretapped Trump Campaign Chair During And After Election https://t.co/JCT28sWpsR https://t.co‚Ä¶
270659378,Jhansi_E,216,69502,,0,110,1,RT @lustforgays: melania when trump dies https://t.co/KudjG5AJiK
875871461256421376,JackJoh32194903,24,1834,,0,127,0,"RT @TomiLahren: My friend had an Uber driver play ""F Donald Trump."" Imagine if an artist had an ""F Obama"" song. The double standard is amaz‚Ä¶"
2895089719,pgt_kt,17,156,,0,56,5,"RT @BarrettBrown_: Peter Thiel, whose firm Palantir was caught planning criminal black ops, may be offered top intelligence post https://t.‚Ä¶"
776585612329574400,stanovich_susan,3432,3740,,0,3321,4,RT @JackPosobiec: I'm just going to say it - the whole Russian conspiracy theory is likely just to cover the fact they spied on Trump
902179167189557248,AdmAfnan123,33,259,,0,140,0,"RT @Impeach_D_Trump: Trump says 1) Obama 2) illegally 3) tapped ""his"" wires at Trump Tower.

Story says 1) the FBI 2) legally 3) tapped Man‚Ä¶"
805432001939591168,magliaro_tony,226,20,,0,81,1,RT @chuckwoolery: FOLLOW THE BOUNCING BONO U2 Delayed Album Because Trump Disrupted the 'Moral Arc of the Universe' https://t.co/yy87X3li6y‚Ä¶
27522964,vdare,36025,65,,0,4516,543,"RT @kausmickey: ""Experts on Alabama politics in Trump‚Äôs administration were largely sidelined ..."" https://t.co/b0Vq9i82gk"
2984014208,DebGoBlue,1591,8,,0,1562,31,"RT @SafetyPinDaily: Mueller requests White House documents related to Trump conduct: report | Via @thehill
https://t.co/xt543lbXIK"
1941280748,susankbloom,36,2,,0,50,2,"RT @tcmackin: @RepErikPaulsen  I read in the Strib this morning that you feel ""misled"" by the Trump administration. First time? https://t.c‚Ä¶"
3133480239,somaliimmigrant,237,163,,0,511,13,"RT @guardian: Iranian president Rouhani condemns 'ignorant, absurd, hateful' Trump speech https://t.co/Cb6YWk2XhS"
713786570545860608,heartless_pe,774,5010,,0,296,7,"RT @KeithOlbermann: $100 to the first world leader who runs with the nickname thing and calls Trump ""President Pussy-Grabber"" at the U.N."
2308742540,RafiCheeky,182,7792,,0,479,6,RT @caurlaus: Read the replies and tell me Trump supporters aren't racist and insensitive little pieces of shit. https://t.co/de0WQFyGDH
3915941300,bella_ragazza_1,1081,255,,0,664,42,RT @PrisonPlanet: Lawrence O‚ÄôDonnell gets triggered by Trump's UN speech. üòÑ https://t.co/OdOH9ysM7Q
876285722189320192,rip_SETH_RICH,32,1843,,0,203,0,RT @NewtTrump: We now know both Clapper and Comey perjured themselves multiple times. They wiretapped Trump and  lied about it. Where the h‚Ä¶
614481428,BossMediaUSA,1959,109,,0,4998,69,"RT @amjoyshow: 'Yup, We're Embarrassed Too': Photo Shows WH Chief of Staff Kelly Face-Palming During #Trump's UN Speech https://t.co/DXH6Rs‚Ä¶"
824887286747664386,EndorNPS,2501,10,,0,634,46,"RT @The_Borg_Queen_: #GrahamCassidyBill Trump said @billcassidy is a 'class act' Just because he's a doctor doesn't mean he's GOOD. 
Rememb‚Ä¶"
3386631159,alanisgabxo,292,7655,,0,255,3,RT @eatjaredtweets: Barack Obama to Donald DickHead Trump https://t.co/qgDSiHNAGA
98981713,ADRIANNACORONAD,497,0,,0,1655,4,"#Repost from @venezueladice_ with https://t.co/GeX49aSA0E 
 ... 

Trump en la ONU. #vld1 https://t.co/xxSvEGGIF6"
963620317,tinyideas1,228,238,,0,308,13,RT @peterdaou: He tries to fly under the radar but just a reminder that #MikePence fully supports Trump's views. https://t.co/OPQyAUd75g
100987374,TrueBlueLiberal,5805,3018,,0,5990,186,"RT @brianklaas: The day after Trump tweeted this in 2016, his campaign chairman e-mailed a billionaire oligarch/Putin ally &amp; offered him a‚Ä¶"
503563566,MargoGebhard,25,5579,,0,137,0,RT @GeorgeTakei: Trump claims the wiretapping of Manafort was politically motivated. But the original FISA warrant issued before Trump decl‚Ä¶
259490295,Gift2USA,4071,21,,0,4544,287,"RT @derekwillis: Scenarios like this are why ""voter fraud"" is such a fluid term: https://t.co/IP5cV6Ec1t https://t.co/csS0bIDmvh"
825534360875102208,Donnie00050,99,696,,0,158,1,"RT @GrizzleMaximus: Nikki Haley defended President Trump's brutally honest #RocketMan speech. 
'International community appreciated the blu‚Ä¶"
265755224,ECmadtown,1026,131,,0,1656,93,"RT @ABC: Republican National Committee spent over $230,000 last month to cover Pres. Trump's legal fees over Russian probe https://t.co/34y‚Ä¶"
835245119850835969,Mtnchan1,313,1,lynngrayson,1,662,1,@lynngrayson @wienerherzog2 @llotus6 @calamiTcat @WordBrian @SharmilaW @TheRestinDane @MahaRaTruth @Gentle1111Chaos‚Ä¶ https://t.co/AbjI83wW1T
2288299586,KittyKittyClaws,2602,759,,0,4154,4,RT @2Chron169: .@MSNBC host says Trump voters are unsophisticated This type of unethical bias journalism is why we voted Trump   https://t.‚Ä¶
7694352,cpen,27499,367,,0,1189,514,RT @BuzzFeedNews: Donald Trump's childhood home is on Airbnb‚Äîso @Oxfam rented it out to welcome refugees and send world leaders a message h‚Ä¶
2893385842,expiredfish,83,6336,,0,69,6,RT @IrisRimon: Donald Trump once spent his days grabbing random women by the pussy. Last year you elected him president. https://t.co/x2zN0‚Ä¶
202438170,shutiggyup,189,0,GlennDOrdway,0,48,3,@GlennDOrdway @LouMerloni @christianfauria If Tom had a Hillary instead of a Trump cap in his locker no one would be attacking TB12Nutrition
286827780,TheFritz75,133,231,,0,654,2,"RT @laurenduca: If ""the media"" was a liberal info machine, there'd be a full-fledged narrative about how Trump might have dementia (see als‚Ä¶"
20133656,SamSerafy,96,11,,0,398,1,RT @asadabukhalil: And they keep telling me that this was the sane and rational alternative to Trump... https://t.co/LqCpoe7vSl
749386460969766912,DeeRock_CFS,228,1,,0,225,6,RT @phillyMetsfan: It‚Äôs 10am and @gsmwc02 hasn‚Äôt tweeted about Trump yet. I‚Äôm very concerned @DeeRock_CFS @PattyWhite_NYM
1573019408,tammyayalagfpt,25,339,,0,183,0,"RT @KNP2BP: @seanhannity @LeslieMarshall @JoeConchaTV @LouDobbs 

Here's the TRUTH

Kelly held head in hand 10:20 am

Trump spoke 10:30

Mo‚Ä¶"
3121709018,holmanland,471,172,,0,149,28,"RT @OMGno2trump: Hey #MAGA and @GOP, forget Hillary's emails.  Manafort and Trump Jr have some whoppers. @FoxNews won't tell you. 

https:/‚Ä¶"
910539040780406785,AbimelecAltier1,3,0,realDonaldTrump,0,63,0,@realDonaldTrump @ricardorossello Donald Trump thanks you for your job!!üáµüá∑üá∫üá∏
896368996806778881,RobertEugenefr2,18,1,,0,66,0,"RT @RobertEugenefr2: I KNOW MY FATHER,BOB FRANTZ SR.IF STILL ALIVE.WOULD BE VERY PROUD OF TRUMP.MY FATHER WAS ALSO A P.O.W.KOREA WAR!"
63471572,tomananda,65,0,,0,109,1,"""Melania Trump being against bullying is like Donald Trump being against modeling.""

Andy Borowitz #Borowitzreport #Dumptrump"
31655327,OneJusticeOrg,2330,2,,0,673,153,RT @TatianaYSanchez: California Attorney General @AGBecerra sues Trump over border wall construction https://t.co/Y20HQ4u2kV @mercnews #imm‚Ä¶
2557771554,_mustbetee,1529,7655,,0,649,16,RT @eatjaredtweets: Barack Obama to Donald DickHead Trump https://t.co/qgDSiHNAGA
815613067274895362,getchell_patty,859,25,,0,1142,15,RT @jdice03: POLL:  Why did Trump repeal... then decide to replace DACA?
4799328876,WilliamBighouse,1662,1020,,0,1935,20,RT @PrisonPlanet: May lectures Trump about refugees days after two refugees tried to bomb the London Underground. Give me strength. https:/‚Ä¶
4534138094,Cinianwidger1,493,2720,,0,1078,8,RT @dcpoll: üì£ Private jet owned by Manafort financier Deripaska [BANNED from US] was parked 25 min from Trump's NJ golf course the past 2 d‚Ä¶
1901928318,Squirrel_MA,2210,3,,0,2186,81,"RT @elihbeckman: Trump's reaction to a collision that killed 10 Navy sailors: ""That's too bad""‚ÄîHis feelings on Hillary Clinton's emails don‚Ä¶"
95273241,neofolk123,170,8,,0,536,21,"RT @Russ_Warrior: Descent into barbarism: #Trump makes virtue out of war and genocide at the UN.
By Finian Cunningham
https://t.co/ZliSpu7w‚Ä¶"
134198718,RobinSchroeds,325,0,CNNPolitics,0,398,10,"@CNNPolitics Well, Tim..obama had no support to make DACA permanent.  Why so ‚Äúshocked‚Äù? Trump looking for legit per‚Ä¶ https://t.co/TW7GlkMUAc"
823866286753148928,RolndKarl,891,1,Impeach_D_Trump,1,1035,4,@Impeach_D_Trump Twitler won't be pleased.
2698332895,feyenjill,199,5078,,0,827,0,"RT @crampell: Remember how Trump bragged about getting Manafort's services for free? If you aren't paying, you're not the customer -- you'r‚Ä¶"
2493013459,realtalktruthD,2709,0,,0,5000,44,Trump thanked the U.N. Security Council for voting unanimously to impose latest sanctions but indicated last week he found them insufficient
764165707,MJWebb3,205,1462,,0,561,0,RT @TeaPainUSA: Manafort hand-picked Pence for @VP because Russia wanted a solid ally in place in case the predictability unstable Trump wa‚Ä¶
105676487,dahlia201,659,25,,0,185,17,RT @jdice03: POLL:  Why did Trump repeal... then decide to replace DACA?
708338941179527168,G95538006Sharon,167,134,,0,150,2,"RT @AMike4761: So, Trump Gave $1 Million to Aid Hurricane Victims. #Hillary Sent $800,000 to #ANTIFA | Newly Press Network   #ma4t  https:/‚Ä¶"
228015335,SpryGuy,9656,59,,0,5388,239,RT @SpryGuy: It seems like the only goal that Republicans &amp; Trump have is undoing every single good thing Democrats ever did for the Americ‚Ä¶
753776027709472769,carolynfriend9,336,210,,0,1386,0,RT @DrDenaGrayson: What Muellerüá∫üá∏REALLY wants to know is why Trump &amp; Pence picked KNOWN #Russianüá∑üá∫agent Misha Flynn to become Nat Sec Advis‚Ä¶
266027324,julia_palooza,131,88,,0,266,6,"RT @factcheckdotorg: Is President Trump ‚Äúcreating job growth the likes of which our country has not seen in a very long time""? No. https://‚Ä¶"
22704969,backboneprog,4536,0,,0,3557,261,Trump Admin Doubles Down on Plans to Withdraw from Paris Deal as UNGA Makes Climate Top Priority https://t.co/KG2wMMeUPY via @democracynow
850404119529566208,MarkBraden10,326,97,,0,267,0,"RT @ElderLansing: Liberals call Potus Trump supporters white supremacists, Nazis, and coons but whine because he calls Fat Boy in NK Rocket‚Ä¶"
3368115981,nnnooan06,114,9,,0,153,0,RT @nickiknowsnada: Trump voters hating @Lawrence won't change best analysis on TV of DJT's long history of racism/sexism/pathological lyin‚Ä¶
113497892,Grumpy_GranPa,177,29,,0,748,5,RT @nytimes: Opinion: Are we down to President Pence?https://t.co/sHnEnX52Bg
1532706006,jetapp1,47,48143,,0,5,2,"RT @JulianAssange: Trump: I was ""wire tapped"" 
CNN: Haha. That idiot @realDonaldTrump thinks he was wiretapped.
..Six months later..
CNN: T‚Ä¶"
822624646025580544,DrOlgacgarcia1,1,0,POTUS,0,4,0,@POTUS please president Trump help the people of PR after this horrible hurricane
144360870,mdamelincourt,1630,0,,1,172,79,Working on our final plan for #NewYearsEve It is going to be fantastic with another spectacular Balloon Drop...#celebration #luxury #Trump
1329529915,steveinashland,124,4166,,0,234,10,"RT @JoshSchwerin: We read Hillary's Chairman's emails and learned about risotto.

We read Trump's Chairman's emails and learned about secre‚Ä¶"
25554266,LilyRex,1305,1,,0,1178,139,RT @proviewsusa: The minute a Trump supporter made eye contact and she saw his soul &amp; it was DARK very DARK. She's now in therapy! https://‚Ä¶
22101371,Fractaurean,612,320,,0,1622,454,"RT @tribelaw: Trump's way of praising African leaders at UN: ""I have so many friends going to your countries trying to get rich."" No commen‚Ä¶"
1101298442,SWS_EDU,627,7,,0,776,71,RT @pewresearch: 69% of Filipinos have confidence in Trump to do the right thing in world affairs; 94% said this of Obama in 2015 https://t‚Ä¶
3850651,TheJays,268,5,,0,792,25,"RT @nwg83: Or, maybe media's biggest 2016 mistake was 24/7 non-stop free live airtime for Trump? https://t.co/7qT7357HEp"
2755631844,DIGITALDECODED1,1814,1,,0,4996,589,"RT @DawoodAzami: #Trump at #UN called #Taliban a terrorist group &amp; evil.
Departure,at least rhetorically,from #Obama admin which called it‚Ä¶"
74579601,SailorDale,1402,0,LadyStark2017,0,3337,28,@LadyStark2017 @JonSnow_Resists @morning_wood21 @ismisnt @yesimrite @irishcream99 @nowthisnews @MarkRuffalo‚Ä¶ https://t.co/t0b8FgOQS8
877056764830732288,theresa_schmidl,2634,1,,0,5001,3,"RT @Monymusk: ""It's a dog dream."" Is Trump the only world leader in history who could hand the N Koreans a propaganda advantage?
https://t.‚Ä¶"
531570903,blktheologian,529,0,,2,1593,52,"Most Blacks in America don't even know their ethnic background, but are chiding #Trump for #Nambia gaffe? #Namibia #UnitedNations #UNGA"
2291814199,kircher_r,123,0,,0,545,11,"Trump at UN: ‚Äò If the righteous many do not confront the wicked few, then evil will triumph‚Äô https://t.co/GEdSKsMnpH"
259490295,Gift2USA,4071,107,,0,4544,287,RT @edbott: Actual voter fraud ... from a Trump nominee. https://t.co/OLnIC0pRtE https://t.co/GhwaCNemZk
224807080,jamestomk,50,0,NathanLerner,0,192,5,@NathanLerner appears that absolutely no one on the Trump campaign team expected a win. All out for themselves afterwards
821055116367183872,naynayfig,1308,107,,0,1744,6,"RT @ScottPresler: When I wake up every morning, I'm happy.

We defeated Hillary. We elected Trump. We made it happen.
#ThursdayThoughts htt‚Ä¶"
287474739,markwayne143,998,486,,0,2563,58,RT @justinhendrix: McClatchy: Trump bodyguard Gary Uher was FBI agent involved in  complex deal to bring Sater back from Russia in 90s: htt‚Ä¶
131215986,deanvargas6,479,807,,0,553,0,"RT @The_Trump_Train: Lawrence O'Donnell, the same man that says Trump has bad temperament, screams and berates his co-workers when he messe‚Ä¶"
1399627664,MissJoyLewis,557,7792,,0,366,1,RT @caurlaus: Read the replies and tell me Trump supporters aren't racist and insensitive little pieces of shit. https://t.co/de0WQFyGDH
532752909,CoolStoryTime,31,3180,,0,326,0,"RT @ananavarro: President (charlatan) Donald Trump, is a narcissist who cares about himself and his golf (courses), he lies- just wants to‚Ä¶"
616546922,fearlesswidow,6441,0,,0,6423,300,President Trump should look into this.  Or Dr. Ben Carson.  This is no time to inflict more persecution through law‚Ä¶ https://t.co/7zMTwEFsnG
103608842,samir0403,1004,842,,0,2068,33,"RT @TrueFactsStated: Trump used Mike Flynn, Carter Page, Paul Manafort and Michael Cohen to set up quid pro quo with Russia. Hack election‚Ä¶"
1624144964,etheal2,242,90,,0,192,2,"RT @ABC: Pres. Trump records welcome message for new American citizens. ""This country is now your country."" https://t.co/C2vvPGBuvf https:/‚Ä¶"
18208368,kurtbardella,8402,4,,0,1755,168,"RT @saba_h: President Trump's August rally cost Phoenix taxpayers more than $450,000 https://t.co/dS19bqgNmA via @azcentral"
18422904,Osunga,1750,10,,0,4998,322,"RT @qz: There are 55 real African countries but Hollywood, and now Trump, keep making more up https://t.co/4SadvKJsfG"
2327171521,PeterHegener,153,146,,0,98,9,"RT @counterchekist: @TrickFreee Incomplete‚Äî FBI spying on Manafort who was spying on tRUmp for Russia who was spying on US/FBI.

Welcome to‚Ä¶"
47382405,mar0593,1583,145,,0,1247,13,"RT @CarmineZozzora: Hillary's boy @GStephanopoulos on a relentless quest for evidence from Donald Trump.

Because real news.

@KellyannePol‚Ä¶"
160160155,dotnagpur,80,15,,0,151,1,RT @Daily_Express: Japan moves missile interceptor in bid to stop Kim Jong-un as World War 3 fears grow https://t.co/ufMv8q7Yx7 https://t.c‚Ä¶
238733281,Ark_required,1274,4478,,0,2317,80,"RT @RogueSNRadvisor: Kelly screamed at Trump after UNGA speech - not the first time that's happened, either. About 2-3 mins of yelling behi‚Ä¶"
763963678274138112,Marie10066461,728,10,,0,321,140,"RT @foxnation: Ellen DeGeneres: Wouldn‚Äôt Have Trump on Show, He's 'Dangerous for the Country'  https://t.co/pMjGx3llRZ"
3399916539,RachelAlter007,453,0,,0,786,30,"Thank you Pres Trump for bringing attention to the African country Nambia, the main supplier of the world's covfefe. Neglected no longer."
794136673135181824,ReaganCBrown,477,603,,0,278,3,"RT @TheRickWilson: Has no one noticed that the Paul Manafort is an anagram for ""Anal Trump Oaf""?"
53072743,_flowerlover,574,81,,0,702,30,RT @cnnbrk: President Trump says he's planning to announce new sanctions against North Korea https://t.co/i1jpQYjWpu https://t.co/v1S8SFGKxl
913766935,BeliBecirovic,4,695,,0,24,0,"RT @tonyposnanski: I bet Trump would give anything to have lost presidency, won popular vote, and have an Emmy instead of being president &amp;‚Ä¶"
705194504068931584,DanielRollins18,236,151,,0,64,21,"RT @ColumbiaBugle: Nancy: Trump was right, Deport Them All. https://t.co/7akopPnIL5"
25526748,denisesteinberg,4831,480,,0,4855,3,"RT @sarahkendzior: I'll add ""Why is Manafort able to flee the US?"" to list of Trump/Russia questions, which includes ""Why do Kushner/Sessio‚Ä¶"
111698275,carynruby,1171,240,,0,1169,62,"RT @CNNPolitics: President Trump praises the health care of Nambia, a nonexistent African country https://t.co/TxTNKlmuid https://t.co/tleg‚Ä¶"
532458706,kwesr,839,463,,0,1170,53,RT @RhondaHurley2: Six #Corrupt US Agencies Conspired 2 Illegally Wiretap Trump; British Intel Used as Front to Spy on Campaign for NSA htt‚Ä¶
1930794883,Meghatron24,124,18,,0,332,7,RT @WaPoSean: Read @costareports @PhilipRucker on how the GOP persuaded Trump to campaign in Alabama https://t.co/MhijhcGxaL
1684270813,CatWomanForReal,128,1010,,0,451,4,"RT @RWPUSA: Trump ethics: an emolumental mess.

Steve Mnuchin jet request only the start of White House ethics issues https://t.co/eQvXWlJK‚Ä¶"
383961723,el_dary15,1036,52,,0,731,41,"RT @NBCNews: President Trump: ""Puerto Rico was absolutely obliterated... Puerto Rico is in very, very, very tough shape."" https://t.co/fPID‚Ä¶"
4304666474,motsuroproject,278,663,,0,1488,2,RT @DemWrite: Trump's judicial nominees share a troubling anti-LGBTQ track record. The goal's clear: overturn marriage equality. üëáüèΩhttps://‚Ä¶
2506843521,KimKimmwaters,898,459,,0,186,30,RT @Franklin_Graham: What do the leaders of North Korea &amp; Iran have in common w/ liberal media in the US? They all hated @POTUS Donald Trum‚Ä¶
822643909343973378,MsSwis,21,1,,0,36,0,RT @patriotpowermom: @BreitbartNews The Trump train does not want Mitch McConnell and Paul Ryan's choice. They have no standing anymore sin‚Ä¶
817618717,jothecatlady,218,18311,,0,244,26,"RT @normwilner: What a strange way to find out Ivanka Trump doesn't know what ""otherwise"" means. https://t.co/lGIQPdoHMB"
357538648,GabrielStoeckle,10,0,,0,68,0,"That's like ""true Germans..."" horrible #Trump https://t.co/PUSAWSrnEh"
827587823201034241,diannemando,387,0,,0,303,4,"Paul Manafort's Tweets About Russia, Trump, Hillary Clinton | https://t.co/ZOxyamVZ95 https://t.co/x9iMC6xUpU"
947100860,andypafish,39,0,TRUMP_NAMVET,0,266,0,@TRUMP_NAMVET @BartB75231815 @mosesbread72 I have not had a gun to my head no. But I have worked with people that h‚Ä¶ https://t.co/pveSdEwByC
888471183963959297,ThomasJ57998235,39,118,,0,54,0,"RT @Impeach_D_Trump: If Trump Doesn't already have Alzheimer's, which can be debated, How would we even know when he gets it?"
514822327,RaheRaymond,353,1463,,0,749,7,RT @TeaPainUSA: Manafort hand-picked Pence for @VP because Russia wanted a solid ally in place in case the predictability unstable Trump wa‚Ä¶
2319339266,MADE__USA,75142,48,,0,55962,227,"RT @deborahjuanita4: Trump :  I was Wiretapped , Paul Ryan Is An Idiot , Here We Are Now Dammit Trump Was Wiretapped Whose Right And Whose‚Ä¶"
853955440614326273,ShunaMabuchi,1717,695,,0,2534,5,"RT @PoliticalShort: In 2016, Obama officials searched through intelligence on U.S. citizens a record 30,000 times, up from 9,500 in 2013 ht‚Ä¶"
704741264189620225,spitfred87,6,242,,0,37,0,"RT @TIME: Iranian President calls President Trump's U.N. speech ""ignorant and hateful"" https://t.co/FyUwl0Qytp"
4307121269,GooglePixel_,98,0,,0,61,17,Trump Is Far More Embarrassing to the U.S. Than the Iran Nuclear Deal Is https://t.co/T9T2liMbZO https://t.co/7iaPmOwoOS
22733710,YelenaShuster,955,4166,,0,608,31,"RT @JoshSchwerin: We read Hillary's Chairman's emails and learned about risotto.

We read Trump's Chairman's emails and learned about secre‚Ä¶"
2753066428,jennilastname,791,5579,,0,2413,0,RT @GeorgeTakei: Trump claims the wiretapping of Manafort was politically motivated. But the original FISA warrant issued before Trump decl‚Ä¶
309126590,greg_jenner,44206,1,,0,7953,720,"RT @realTrumpcast: Today: Swirling investigations, a new home, and a new job ‚Äì what is life in Washington like for Ivanka Trump? https://t.‚Ä¶"
877991355007500288,MILFBuster1,34,48,,0,114,0,"RT @AmRenaissance: ""In the last 12 years, hurricanes have killed 332 Americans, and illegal immigrants have killed 7,000 Americans.""

https‚Ä¶"
73691378,baymescarly,19,1,,0,116,4,RT @McCreaImmLaw: Anti-Trump Tech Workers Are Ditching the U.S. for Canada #cdnimm https://t.co/wGqekuifFV
628638850,Shimmyfab,9952,269,,0,10961,409,"RT @neontaster: Ben Rhodes: Trump is alienating our allies.
Also Ben Rhodes: LOL Bibi loves genocide and kisses Trump's ass. https://t.co/O‚Ä¶"
1532396586,Stephen45514102,1488,0,,0,3928,6,"Trump slashes at Obama's legacy, but risks his own https://t.co/dKuz9GppFB"
113975240,Jinxmusicman,29,1,,1,70,0,I will teach my children good values. Being Deplorable is not an option. #notmypresident @Rosie @Impeach_D_Trump https://t.co/6xz5hZ6ilW
1099771423,mhai56,814,775,,0,1043,46,RT @tonyposnanski: Melania Trump talking about cyber bullying to the UN is like Mike Huckabee talking about being humane to dogs to PETA.
627489961,JuryGmail,245,6,,0,20,9,RT @nktpnd: Afghan President Is In Favor Of Trump's Strategy To End The War https://t.co/2BL3b3Yuo0
58052610,rafat777,3666,562,,0,2764,281,RT @BreitbartNews: They're still trying to claim they were right because there weren't literal bugs in all of Trump Tower's landlines. http‚Ä¶
4776757226,EggRetweet,868,171,,0,0,189,RT @WhiteHouse: President Donald J. Trump Approves U.S. Virgin Islands Disaster Declaration: https://t.co/Y6e4N2T654
27226639,Newsmann,1162,4166,,0,354,63,"RT @JoshSchwerin: We read Hillary's Chairman's emails and learned about risotto.

We read Trump's Chairman's emails and learned about secre‚Ä¶"
122550102,rrrrrbaughman,16,0,SopanDeb,0,51,0,"@SopanDeb Using your logic, then was Trump talking about grabbing women's attention by befriending their felines?"
760895416820965376,Natyspizzza,323,81915,,0,295,2,"RT @StephenKing: Trump thinks hitting a woman with a golf ball and knocking her down is funny. Myself, I think it indicates a severely fuck‚Ä¶"
802844174,barb_swan,345,185,,0,1046,69,RT @TheRickWilson: What an amazing day! In just nine hours we hit 20% of our goal. We ne... https://t.co/c324j2xODL
1344688189,PratoCate,243,1090,,0,377,11,"RT @jaketapper: Trump judicial nominee said transgender children are part of 'Satan's plan', defended 'conversion therapy' https://t.co/0Xt‚Ä¶"
1524787770,DevinSavageOfcl,2256,303,,0,678,49,"RT @SharylAttkisson: It looks like Obama did spy on Trump, just as he apparently did to me https://t.co/d6clOZADvp"
801321526586933248,banoobux1,3397,50,,0,4261,11,"RT @AWAKEALERT: US destroyed Iraq Libya &amp; Syria &amp; Trump knew US armed ISIS, yet he makes false accusations against #Assad &amp; invokes the nam‚Ä¶"
111690672,AuntLulie,7209,1010,,0,7332,120,"RT @RWPUSA: Trump ethics: an emolumental mess.

Steve Mnuchin jet request only the start of White House ethics issues https://t.co/eQvXWlJK‚Ä¶"
1975503816,slickferret,97,405,,0,396,0,RT @OccupyDemocrats: #Breaking News: A New Documentary Just Exposed Trump Tower As A Hotbed Of Russian Mob Activity [WATCH HERE] https://t.‚Ä¶
35045469,scibbe,373,210,,0,518,7,RT @DrDenaGrayson: What Muellerüá∫üá∏REALLY wants to know is why Trump &amp; Pence picked KNOWN #Russianüá∑üá∫agent Misha Flynn to become Nat Sec Advis‚Ä¶
2442045044,Gregs4Grabs,2174,1,,0,854,37,"RT @AIIAmericanGirI: Trump's comments on North Korea, from 'fire and fury' to blaming China @FoxNews
https://t.co/snNZk5dvIR"
777014731584352256,Daily_Planet_1,67,0,jimmykimmel,0,257,8,@jimmykimmel @libbylovescards @BillCassidy @LindseyGrahamSC @ChrisChristie ...debate the other side. You're not an‚Ä¶ https://t.co/4HGFjCQjCv
892472374519635968,AmJimoh,188,315,,0,1361,1,"RT @NGRPresident: Pres @MBuhari thanked Pres Trump for his goodwill phone call earlier in the year, and for fulfillment of his arms support‚Ä¶"
64682564,joimbow,1413,0,,0,2971,50,Two REALLY awful choices.  Are We Down to President Pence? https://t.co/srumisoAuS
722982056,mwasserman13,140,65,,0,750,6,RT @RMSchneiderman: How the right lost its mind and embraced Donald Trump https://t.co/4K3oedZEpe @NaveedAJamali @MalcolmNance @maddow @Joy‚Ä¶
140426223,liquidcyber,360,0,,0,212,12,I love to go thru these people timelines and see they have no life but Trump derangement . https://t.co/UV3audXLh0
1350242936,Zeeklageek,279,984,,0,1830,3,RT @CNNPolitics: CNN‚Äôs @jaketapper breaks down a claim President Trump made about the US economy and jobs during his speech at #UNGA https:‚Ä¶
3609001333,rhapsody1017,119,1020,,0,246,1,RT @PrisonPlanet: May lectures Trump about refugees days after two refugees tried to bomb the London Underground. Give me strength. https:/‚Ä¶
302004290,pdjf1,4266,3740,,0,4999,116,RT @JackPosobiec: I'm just going to say it - the whole Russian conspiracy theory is likely just to cover the fact they spied on Trump
3299232226,1fritiof,760,0,,0,2040,5,"Trump's Indecisive, Ill-Prepared Debut at the United Nations https://t.co/oZOXCZll9Z"
760880653156089856,SharenCarr3,638,580,,0,2429,1,"RT @Fuctupmind: Samantha Power
Rice
Brennan
Power one request for every working day in 2016 ‚Äì and sought info in the days leading up to Tru‚Ä¶"
602118386,The_Jon_Snow,410,0,KDWilliams10,0,689,24,@KDWilliams10 @TRUMP_NAMVET @mosesbread72 I assure you I did not
22419299,FatherThomas,104,0,,0,214,6,Trump's Presidency Is The Worst of Our Collective History and His Life Story https://t.co/uYuYfOhpyy
2222074681,fxlozano,611,9366,,0,1384,68,"RT @realDonaldTrump: On behalf of all Americans, I want to wish Jewish families many blessings in the New Year. https://t.co/m4VWxYvONx htt‚Ä¶"
2262620679,VickyWillkan,3492,184,,0,5001,126,RT @WhiteHouse: President Donald J. Trump Approves Puerto Rico Disaster Declaration: https://t.co/AFVUysLZVj
3071965544,choctawoliver,244,9938,,0,701,4,"RT @RogueSNRadvisor: Donald Trump is a dangerous, small minded idiot who has no business being President. RT if you agree."
3061693668,vgroglio,264,0,BreitbartNews,12,182,2,@BreitbartNews As long as they were properly vetted President Trump would not have a problem.
868681737722777600,_ShaG_,2166,12,,0,3884,1,"RT @jstines3: MT @JrcheneyJohn: Trump wants Tax Cuts &amp; Tax Reform. Problem, Lack Of Leadership! https://t.co/fpTaYNNQR7 #MooreSenate #Ditch‚Ä¶"
3297022953,kwilli1046,57322,340,,0,38367,306,"RT @RavenNightMyst: #MAGA #Winning #TrumpEffect - Republican Voters Surge: If Election Were Today, Trump Would Win MORE States https://t.co‚Ä¶"
2822558919,kimberly010960,2951,1,,0,3432,76,RT @LittleItaly53: @kimberly010960 @PoliticalShort @GOPjenna Obama set it up right before he left so that anyone could see anything for exp‚Ä¶
457743272,DrDinD,9998,44,,0,10771,212,"RT @TheRynheart: @realDonaldTrump @ricardorossello Trump hires campaign workers instead of farm experts at USDA. Dumbing down America, one‚Ä¶"
2958943328,EternaFreeda,2760,4,,0,2552,84,"RT @John3_and_16: @JackPosobiec Rumor has it MAGA planning to BOO Luther Strange at Trump Alabama Rally!! Here's tickets:
https://t.co/xOJ4‚Ä¶"
1292435510,godcountryfam,151,5207,,0,371,14,RT @Thomas1774Paine: EXCLUSIVE: Six U.S Agencies Conspired to Illegally Wiretap Trump; British Intel Used as NSA Front to Spy on Campaign h‚Ä¶
339831428,SeldenGADawgs,14939,319,,0,12693,226,"RT @dcexaminer: James Clapper: ""It's possible"" that Trump's voice was picked up by Manafort wiretap https://t.co/ZnCQIsYdYX https://t.co/Ei‚Ä¶"
3141948314,thecollector86,1359,6,,0,1655,24,"RT @jeepsuzih2: RIGHT ON SPOT
 Liberals are OUTRAGED Because Trump Challenged Socialism and Dictators
 He put #AmericaFirst üá∫üá∏‚ù§
 
 Let That‚Ä¶"
17663326,burkhalter,252,183,,0,1247,16,"RT @sarahkendzior: Trump/Russia investigation has always been a race against time, whether GOP trying to pass deadly bills under wire or Tr‚Ä¶"
2825458002,tacomonstrous,3,0,bdylan234,0,46,0,@bdylan234 @NateSilver538 Does this control for the fact that Trump had an order of magnitude more blunders?
2476447865,brittanybby196,37,3,,0,1623,20,RT @ricknajera: Woke up  thinking Hurricane Irma and Jose are not hoax's created by China.  Global  warming is real wake up Trump  wake up‚Ä¶
779330958663290880,wil91116385,278,61,,0,361,49,"RT @MadisonSiriusXM: We've had white folk going to Africa to get rich ever since they discovered Africa. This ain't new. #staywoke #Trump
h‚Ä¶"
27711304,vikkie,7929,1129,,0,997,149,"RT @daveweigel: And ""he's too rich to be influenced by donors/special interests"" was an underrated part of Trump's appeal. https://t.co/aXT‚Ä¶"
719213679934181376,AmyGallop66,3436,0,Paulhaider74,0,2452,123,@Paulhaider74 Socialism works. However Trump is so stupid that he doesn't know the difference between it and commun‚Ä¶ https://t.co/TLJBZ4Wwas
259619085,MommeRizvi,29,0,StateDept,0,174,3,@StateDept @POTUS Trump is the biggest threat to global peace
885648023384186883,MIdifference2,4060,3050,,0,2511,1,"RT @StockMonsterUSA: UNMASKING INVESTIGATION !! 

Calls to Bring on LOGAN's ACT!!

Obama's Samantha Powers had Over 260 UNMASKING request F‚Ä¶"
3649091,danisse,188,212,,0,187,25,"RT @JuddLegum: Mike Pence, apparently, can't even remember Paul Manafort's name. Referred to him as ""somebody"" on Fox &amp; Friends https://t.c‚Ä¶"
610341256,LanaAshford1,986,1186,,0,336,2,RT @infowars: Roger Stone: Mueller Has Told Manafort To Lie About Trump Or He Will Be Railroaded To Prison https://t.co/2JYPyvpHkt
43590098,thiafinart,1094,1391,,0,734,137,RT @RVAwonk: So one of Trump's judicial nominees thinks it's ok to electrocute gay people &amp; another thinks voting rights don't apply to bla‚Ä¶
95633525,velmahall,24,109,,0,67,0,"RT @amjoyshow: 'Yup, We're Embarrassed Too': Photo Shows WH Chief of Staff Kelly Face-Palming During #Trump's UN Speech https://t.co/DXH6Rs‚Ä¶"
898891558455582720,farve_1,7,330,,0,44,0,RT @KeithOlbermann: NEW: When TRUMP tweeted 'Obama is a racist' no one demanded NBC fire him. But he is the human Double Standard https://t‚Ä¶
1057220456,BittenSuicide,17474,57,,0,155,0,RT @LOLGOP: Trump's presidency is pretty much going exactly as predicted. https://t.co/kmgGsjzJLV
437019753,TimothyNoah1,15419,0,,0,2743,611,"Hypocrite or furtive dissident? Surely no one is more aware ""bully"" is a loaded term in this White House than she.  https://t.co/UXwEX5TuRx"
54315703,RandallVC,3365,0,,0,5001,15,Amazing. Here we have traitor tRUmp his with cult followers that still can't get over Obama. Block this dangerous t‚Ä¶ https://t.co/6j5SgNZOPZ
196685871,NormiesBGone,194,45,,0,453,13,"RT @TheMarkPantano: It's always good for any White House when their chief antagonist is an intellectual lightweight like Jim @Acosta.

http‚Ä¶"
869553520793595905,US_currentevent,2010,0,,0,1296,5,Trump says Lindsey Graham ‚Äòlied‚Äô about Trump‚Äôs Charlottesville comments. Did he? https://t.co/fGC9RiKCXn
827935669238583296,nikassie,4,4166,,0,18,0,"RT @JoshSchwerin: We read Hillary's Chairman's emails and learned about risotto.

We read Trump's Chairman's emails and learned about secre‚Ä¶"
1651087532,mrose887,569,55,,0,1693,11,RT @elihbeckman: Trump criticized the UN for not bringing about world peace‚Äîimmediately after threatening nuclear war on #NorthKorea in his‚Ä¶
57203073,fiesta5,168,0,IRdotnet,1,237,7,"@IRdotnet We EXPECTED a POTUS who was methodical &amp; compassionate
Instead Trump is:
IGNORANT
RACIST
BULLY
CRUDE
VILE‚Ä¶ https://t.co/FzIGv45Dhr"
861048622732980224,magnus_gao,28,0,plg_and_poli,0,187,1,"@plg_and_poli Advise from me, a chinese: NEVER EVER BELIEVE XINHUA NEWS. THEY ARE LIARS, BIGGER LIARS THAN TRUMP."
479417148,OmnivoreBlog,375,0,DawnDCS92,0,681,21,@DawnDCS92 Trump doesn't know if he was surveiled. He saw it on Fox &amp; Friends. THAT'S THE PROBLEM.
870639979218829312,News_NotesUSA,2686,0,,0,2134,11,Fact check: Trump makes misleading claims at Iowa rally | Latest unbiased news about US Politics https://t.co/0oNpe0rqr3
4428271317,kyungkarenmend1,3529,3,,0,4776,16,RT @kyungkarenmend1: North Korea is correct. How many times has trump and Nimrata threatened N.Korea with empty threats. All Bark NO BITE h‚Ä¶
820727590323372032,bluejaybirb,33,84,,0,70,0,"RT @TheLocalGod: Hey Trump
*beats wife*
That UN speech
*lashes a gay man*
Belongs in medieval times
*cuts off daughter‚Äôs clit* https://t.co‚Ä¶"
1449739268,dmcgilkathome,22,230,,0,226,1,"RT @NatashaBertrand: 1) Manafort allegedly disappeared w/Deripaska‚Äôs $$‚Äînot vice versa. 
2) He suddenly stopped trying to collect after Tru‚Ä¶"
113702723,chelleinchicago,359,0,paleofuture,0,680,5,@paleofuture Sounds like Oscar campaigning is on.  Giving one to Sandler would basically do to the Oscars what Trum‚Ä¶ https://t.co/iUR0vaBuLH
749989405,mr_nkanyezi,224,34,,0,267,4,"RT @MudzChati: @Emicho_Dinduit @rppp01a @OFFICIALBEARDY @CookTheGreat @C_Jill_Run If Zimbabwe = Robert Mugabe
America = Trump 

The ideals‚Ä¶"
171954269,sabulosaa,179,2564,,0,63,2,"RT @SenWarren: I stand with @SenFranken in saying no: We won‚Äôt let Trump &amp; the GOP bypass the process &amp; stack courts with pro-corporate, ri‚Ä¶"
62499498,wildmeems,1029,113,,0,1159,9,"RT @RNRKentucky: #JohnKerry üá∫üá∏ has a 'LOT' worse names for #KJU than just #RocketMan 
Wanna' see? You know what to do, folks! #RNRKY

https‚Ä¶"
1526752657,BlazenBlade,136,12,,0,757,5,"RT @cristianafarias: Still can't get over this picture and caption from May, reprinted in today's @nytimes report on Bob Mueller. https://t‚Ä¶"
395304226,relaxgiordano,262,180,,0,282,19,"RT @ScottAdamsSays: Also, there is no way Trump will ever win the GOP nomination, much less the general election. https://t.co/Osf0UNXmMx"
836853005148356608,KittenMckays,356,0,jbassset,0,606,1,@jbassset @AldousHuxley120 @Maelie124 @hshane2112 @JennyBangBang4 @vasego1 @NancyDiMattia1 @RachelChauvin1‚Ä¶ https://t.co/LYaEE8uFn1
884034594307096578,litocolna1977,14,146,,0,89,0,"RT @dcperry: When Trump says, ""A lot of people don't know that,"" he means, ""I didn't know that until I read it in my own speech just now."""
2866815360,dramariajn,331,81915,,0,442,60,"RT @StephenKing: Trump thinks hitting a woman with a golf ball and knocking her down is funny. Myself, I think it indicates a severely fuck‚Ä¶"
1927212576,teichhetry,235,18312,,0,1207,4,"RT @normwilner: What a strange way to find out Ivanka Trump doesn't know what ""otherwise"" means. https://t.co/lGIQPdoHMB"
411194431,TES_4Trump,1417,18,,0,1113,35,RT @DailyCaller: Three Congressmen Arrested For ‚ÄòCivil Disobedience‚Äô Outside Trump Tower https://t.co/5qcQWcZyGq https://t.co/sSrs7zQem9
40063287,kkellyyoga,1647,172,,0,1098,44,"RT @CecileRichards: When women aren‚Äôt at the table, we‚Äôre on the menu. https://t.co/LtCp8MZ7Iw"
3681587594,ame_saikai,913,0,,0,920,15,BBC News - North Korea says Trump speech is 'a dog's bark' https://t.co/tDWSLMzDIk
1645876892,channel1america,567,0,,0,1094,42,"ABCNEWS reports President Trump says Puerto Rico was ""absolutely obliterated"" by Hurricane #Maria ‚Ä¶ https://t.co/LCTRwYn041"
206159481,_Jawharaa,262,105,,0,242,2,RT @davidsirota: Breaking: Trump plans state visit to Zamunda for diplomatic talks with his longtime friend &amp; business associate King Jaffe‚Ä¶
3378716031,JFKnapp69,5,35,,0,57,0,RT @StarTribune: Trump administration rejects study showing positive economic impact of refugees. https://t.co/4aG80GuAdq https://t.co/BEhB‚Ä¶
3294706108,amystanley4242,1944,1542,,0,1781,44,"RT @FoxNews: At a United Nations event, @FLOTUS called for teaching our children patriotism. https://t.co/yQgZTfVGwH https://t.co/uOxZXmnrzY"
127762140,agfiji,181,7,,0,1369,5,RT @PardesSeleh: Imagine being Tiffany Trump and having Sally Yates as your new Georgetown Law professor
752241069958438913,MistyStrohl,248,43,,0,205,34,RT @AllenWest: I have a VERY serious concern about the Trump administration that needs answering ASAP https://t.co/1n6MXtRDhp https://t.co/‚Ä¶
458034111,squidyx1,31,1,,0,90,4,RT @GDBlackmon: Solar Tariff Case Challenges President Trump's 'Energy Dominance' Agenda via @forbes https://t.co/ghZKCRk56g https://t.co/B‚Ä¶
709154206674866178,StapelSusan,588,1186,,0,575,52,RT @infowars: Roger Stone: Mueller Has Told Manafort To Lie About Trump Or He Will Be Railroaded To Prison https://t.co/2JYPyvpHkt
18006752,KatCapps,49237,481,,0,43683,559,"RT @sarahkendzior: I'll add ""Why is Manafort able to flee the US?"" to list of Trump/Russia questions, which includes ""Why do Kushner/Sessio‚Ä¶"
1210098278,CastonChris,1763,2214,,0,671,193,"RT @kurteichenwald: Now: Ur guaranteed u can buy milk for $2
GOP: U might get 2 buy milk - for $150,000
Trump: Everyone's guaranteed milk b‚Ä¶"
29021762,mtntandem,1798,115,,0,5001,0,RT @TheDemCoalition: The art of the steal: Democrats want to ban government spending at all @RealDonaldTrump properties https://t.co/X8lZf1‚Ä¶
1594697972,sinewave54,455,1029,,0,563,9,"RT @TeaPainUSA: Even though Paul ""the Moscow Mule"" Manafort helped Trump get elected, the bigger concern is that he handpicked Pence as the‚Ä¶"
19625514,tditty,53,4,,0,68,1,"RT @TonyPaul1984: Trump says U.S. job growth under his watch is greater than we've seen in long time -- except, oh, for same period in 2016‚Ä¶"
741014101808283649,GaryAAltman2,198,29,,0,73,8,"RT @SkyNewsBreak: U.S. President Donald Trump says Puerto Rico was ""absolutely obliterated"" by Hurricane Maria and the electrical grid is ""‚Ä¶"
1905253668,Jesse22743957,171,47,,0,180,10,RT @OANN: Pres. Trump to Present Medal of Honor to Retired Army Green Beret Gary Rose - https://t.co/e5q2wmRkUF #OANN https://t.co/n2T8ZISr‚Ä¶
347438904,tasty_jason,12,3392,,0,109,0,RT @steve_lieber: Peter Kuper did a comic about nationalist Trump coming to power on a build-a-wall platform. This was 27 years ago in Heav‚Ä¶
61015562,drscott_atlanta,55907,1236,,0,17502,591,"RT @drscott_atlanta: NO PRO-TRUMP RHETORIC WILL BE TOLERATED ON OR OFF CAMPUS!

So which #Liberalsüòµ want to argue who the #FASCISTS areüôÑ

h‚Ä¶"
846024202062848000,valentine_fa,283,0,,0,382,1,Manafort used Trump campaign account to email Ukrainian operative https://t.co/kvyzBRHeLq via @politico
32761386,ydavila,32,29,,0,188,0,"RT @CBSNews: ""Puerto Rico is in very, very, very tough shape,"" Pres. Trump says of Hurricane Maria https://t.co/T5uqoA85rO https://t.co/1V4‚Ä¶"
271932229,RayBake,300,0,,0,716,10,"Here's some more pork you can cut, @joniernst. The Trump administration is full of opportunities for you to save ta‚Ä¶ https://t.co/FRu3x4cfnb"
714548485610201089,stuartbsibel,665,640,,0,1014,0,"RT @USMC_DDSS: Each day I hate Donald Trump a little bit more!
R/T if u agree.."
18056290,Al_Czarnecki,467,72,,0,784,202,"RT @Shareblue: Watch out, Trump: Mueller about to get documents that may provide direct grounds for impeachment

https://t.co/JA6la1zyDE by‚Ä¶"
829881631,VBMiMi,266,11,,0,170,49,RT @GottaLaff: Look who has email issues nowüëâüèº Manafort contacted Ukrainian operative using Trump campaign email https://t.co/OdbEfs30W2
825332512532475904,miaculpepper2,741,49,,0,1420,5,"RT @scroggstl: What?  What a JOKE! smh
Nolte: MSM Always Knew Trump Camp Was Wiretapped - They Just Lied About It - Breitbart https://t.co/‚Ä¶"
788204068753711105,HappyHazard7,839,5,,0,588,21,"RT @BlackPilledPete: Bridgewater State Prof Says ‚ÄúFuck Any‚Äù Students Who Voted For Trump, They Are KKK And Are Not Welcomed In Class https:‚Ä¶"
719965357755138048,MyTurn1960,1832,0,,0,1594,19,WTF was Samantha Power (Amb. UN-under Obama) doing unmasking members of Trump ass.&amp; campaign every day for over a year?
4035871276,Gigitrog,2725,265,,0,2869,104,"RT @HillaryWarnedUs: Question tonight: ""Trump or Putin?""

Hillary: ""I have to take that under advisement. I ran against both of them."" http‚Ä¶"
1676619192,DebBamaFan,1869,134,,0,1628,1,"RT @BreitbartNews: A Strange defeat ‚Äúcould prompt some GOP senators to retire to avoid facing the wrath of anti-establishment voters‚Äù 
 htt‚Ä¶"
1408608992,ctbpuddin,69,171,,0,42,0,RT @WhiteHouse: President Donald J. Trump Approves U.S. Virgin Islands Disaster Declaration: https://t.co/Y6e4N2T654
71750798,stevemoth,138,0,foxandfriends,0,251,0,@foxandfriends @trumps_feed @kilmeade Kilmeade is hilarious! Fox &amp; Friends anti journalism &amp; alt right politics r k‚Ä¶ https://t.co/znO3R14Xxj
4498577661,nanfromTexas,3606,465,,0,3735,38,"RT @StockMonsterUSA: Where the Hell is our Attorney General on all this ??? On Hillary ?? On Comey, Mueller, Rosenstein Collusion on Trump!‚Ä¶"
2546186313,jernst1980,4808,6,,0,5191,2,"RT @bobb2526: Sharyl Attkisson digs deeper: It looks like Obama spied on Trump, just as he spied on me https://t.co/8JYRshKyXV"
3670164914,liuwailng423,708,1463,,0,151,495,RT @TeaPainUSA: Manafort hand-picked Pence for @VP because Russia wanted a solid ally in place in case the predictability unstable Trump wa‚Ä¶
4404413836,NoBeToday,2521,0,,0,1073,13,Trump To Announce New Sanctions On North Korea https://t.co/RnaSqyHtLW
43447792,krystle7isle,129,48,,0,24,15,RT @gatewaypundit: Witch Hunt Update: Crooked Mueller Now Wants Documents Related to Trump White House Policy Decisions https://t.co/tNhuS1‚Ä¶
2280491986,PaulieAbeles,685,562,,0,170,77,RT @BreitbartNews: They're still trying to claim they were right because there weren't literal bugs in all of Trump Tower's landlines. http‚Ä¶
788197669403496449,KateMiller57,3968,110,,0,4017,45,"RT @amjoyshow: 'Yup, We're Embarrassed Too': Photo Shows WH Chief of Staff Kelly Face-Palming During #Trump's UN Speech https://t.co/DXH6Rs‚Ä¶"
758654910506344452,kitkatmckey,412,5579,,0,441,1,RT @GeorgeTakei: Trump claims the wiretapping of Manafort was politically motivated. But the original FISA warrant issued before Trump decl‚Ä¶
781947890289827840,SkippyManuel,660,1,,0,125,89,"RT @DeanSchanzel: Katrina Pierson ‚Äì Americans who Love our Country were Cheering Trump‚Äôs Speech
 https://t.co/XYKsyfsdq6"
3951094214,Debbie92083,947,3348,,0,1196,46,RT @SheriffClarke: It matters NOT here whether a warrant authorized wiretaps. A warrant this highly political should have been refused. htt‚Ä¶
205392468,FaceTheNation,468330,21,,26,446,2021,"Today on CTM @VP said he's ""not aware"" of any contacts between the Trump campaign &amp; Russia. In Jan on FTN he catego‚Ä¶ https://t.co/gFHudNlZLh"
35227730,molodyko,3124,7,,6,1750,114,U.S. President Trump is right now holding a bilateral meeting with Ukraine President @Poroshenko. üá∫üá∏ üá∫üá¶ üëè  https://t.co/XUUNMd9HDu
794620554217160704,Wicker2Jeff,37,128,,0,90,0,"RT @FoxNews: On @foxandfriends, @VP Mike Pence responded to those criticizing President Donald J. Trump calling Kim Jong Un ""Rocket Man."" h‚Ä¶"
3297046379,_diamx0,3008,0,,0,2250,12,Fuck trump!üñïüèæAin‚Äôt been good president since Kennedyü§∑üèæ‚Äç‚ôÄÔ∏è
435039815,andie910,4008,1,,0,4912,60,RT @WINBIGLY1: End the TRAITOR Iran deal now. Thank you Mr President TRUMP putting USA 1st üëç https://t.co/qkG9OPE5Fv
3189041560,Llupoindy,28,1040,,0,128,0,RT @10_gop: A Maine woman says that she would rather go to jail than take down her signs in support of President Trump. https://t.co/cirSCA‚Ä¶
747401937604120577,krileayn,222,0,BarackObama,0,232,15,@BarackObama Trump told us
3015129113,beastard49,81,928,,0,450,2,RT @starcrosswolf: Comey &amp; Lynch protected Clinton from being prosecuted for her crimes. Mueller hired Clinton lawyers to Protect Comey &amp; g‚Ä¶
21707139,JLownLaw,5289,1,,0,5746,389,"RT @throwin_stones: @PoliticusSarah Don't be fooled by Kasick. He's OK on an issue or two, but a typical R. Wants to be the R anti-Trump. H‚Ä¶"
750682349847797760,Mikebattuello,414,0,,2,1165,2,Legal experts are saying Mueller is moving very fast for an investigation this complex - because he knows the damag‚Ä¶ https://t.co/8o6WBnu08x
2194241613,ex_proc,124,2,,0,313,27,RT @JamesFourM: @redf0cs @b_ofrights @MontanaSkullzx5 @redfocs @Strong2Gether1 @dangwhat48 @perlmutations @kittenninja42 @LincolnsBible @ni‚Ä¶
2515419270,KellyKaufman08,112,244,,0,361,1,RT @washingtonpost: Analysis: Trump‚Äôs sloppy handling of his Russia problem is coming back to bite him https://t.co/Y5DOs7dWTY
27129267,jenniferlaing,50,0,,0,267,2,Trump to look at even stricter cap on refugees (from @AP) https://t.co/LdFxbr68DT
887879076400254976,KVatrenka,150,4166,,0,245,1,"RT @JoshSchwerin: We read Hillary's Chairman's emails and learned about risotto.

We read Trump's Chairman's emails and learned about secre‚Ä¶"
21113258,jaydoll51,16408,7969,,0,16265,287,"RT @beccamerlot: I'm in the doctor's office and trump's UN speech is on tv and this lady, at least eighty years old yells, he's so full of‚Ä¶"
252353889,MaryL1964,3192,198,,0,3181,78,"RT @TrueFactsStated: To be fair, Trump does need to cut her medical care to fund his tax cuts. So there's that. https://t.co/nrpzWsj1DD"
1242611227,ShortTreasuries,850,0,,0,440,73,"Siegel w/ @MarcoMNYC for 2,700&gt;Stocks could rally 10% into year's end thanks to the Trump effect, says Jeremy Siegel https://t.co/1rcN1j9AdH"
46816408,mercurygirl7,1912,663,,0,1790,131,RT @DemWrite: Trump's judicial nominees share a troubling anti-LGBTQ track record. The goal's clear: overturn marriage equality. üëáüèΩhttps://‚Ä¶
750718741927735296,Safe5pace,617,5,,0,1076,7,"RT @Kaladious: BREAKING: Media KNEW Trump‚Äôs Wiretap Claim Was TRUE, Lied to the Public - https://t.co/BRKNWif9yC"
565408085,chankadoo,47,1834,,0,55,0,"RT @TomiLahren: My friend had an Uber driver play ""F Donald Trump."" Imagine if an artist had an ""F Obama"" song. The double standard is amaz‚Ä¶"
136487125,Jerzygma,2539,169,,0,1930,8,"RT @AnnaApp91838450: https://t.co/3tDxPI4NPD
The 3 STOOGES CORRUPT CRIMINAL LYING DEMOCRATS üëéüò†TRIED TO DESTROY AMERICA GOT CAUGHT TRYING TO‚Ä¶"
631983890,Badgersbane,2127,596,,0,3074,116,"RT @Impeach_D_Trump: Trump: ""Obama Illegally Wiretapped Trump Tower"".

Truth: The DOJ Legally Wiretapped Paul Manafort.

How is that vindic‚Ä¶"
3246376391,HeReHeReIsAy,151,230,,0,215,1,"RT @NatashaBertrand: 1) Manafort allegedly disappeared w/Deripaska‚Äôs $$‚Äînot vice versa. 
2) He suddenly stopped trying to collect after Tru‚Ä¶"
852338884734267398,Vontaeeeee,98,0,,0,636,0,Because That Ain't Git Shit To Do With Trump Dumb Ass. https://t.co/zEzqQzAi4k
155658192,bmaz,5143,15,,0,4,273,RT @ColinKahl: Bill Burns worked at the highest levels at the State Depar for Presidents of both parties. Read his latest on Iran.  https:/‚Ä¶
892201010416013314,Vic_Vic_Who,924,15,,0,1563,0,"RT @_CFJ_: @TheEllenShow: Trump is ""dangerous... for me personally as a gay woman""
https://t.co/2okUGj6JkI

Your hypocrisy has been duly no‚Ä¶"
15700656,DustyDogDigi,191,11,,0,390,12,RT @GottaLaff: Look who has email issues nowüëâüèº Manafort contacted Ukrainian operative using Trump campaign email https://t.co/OdbEfs30W2
15517902,buzzblog,4141,0,pewresearch,1,882,283,"@pewresearch Trump: ""Why do I care what they think in Philadelphia?"""
2872623043,max007ab,55,0,,0,172,4,Russia Investigation Requested Donald Trump White ... https://t.co/kQeQTXNgpb
61595217,jusdreday,7755,52,,0,2463,71,"RT @ProvaxShill: @LindseyGrahamSC Insurers say your bill harms coverage for preexisting conditions   so you, like Trump, are a liar. https:‚Ä¶"
751164121681321984,LABPolitics,470,175,,0,228,32,"RT @HuffPost: Trump pick for federal judge: transgender children show how ""Satan's plan is working"" https://t.co/KO4WJA4asZ https://t.co/lB‚Ä¶"
548400502,mariesshi07,324,576,,0,242,0,"RT @judygarci: Sharp, pointed noses, light skin &amp; light eyes will always trump the flat noses, tan/dark skin &amp; brown eyes that most Filipin‚Ä¶"
1413793885,sandrapatriot,9319,4529,,0,10093,236,RT @SheriffClarke: As an American I find it gratifying that in @realDonaldTrump we have a leader who gives meaning to being an American htt‚Ä¶
510120656,qnoftherealm,24525,1,,2,16720,432,Obama Stooge James Clapper NOW Admits Trump Wiretapped ‚Äì Truthfeed https://t.co/NWBjOFdQ92
796435299303886848,GuiltyNightEmi,28,0,SeibaaHomu,1,125,2,@SeibaaHomu It's the Democrat's fault for abandoning the rural working class in small towns like that in favour of‚Ä¶ https://t.co/AdGA1dcNdn
407807940,SmartBlondiey,2532,1,,0,4492,84,RT @Hopp359: @NatashaBertrand @SmartBlondiey Maybe trump's emails should be investigated. Maybe Russia knows of 1000s of emails they can fi‚Ä¶
39327538,jffree1,4511,538,,0,4978,142,RT @Thomas1774Paine: BREAKING: Trump White House Ramps Up Plans To Deport Unaccompanied Illegal Teens https://t.co/Liy74YVLgg
17118025,verysmallanna,4031,5,,0,5001,213,RT @shitshowdotinfo: trump is the empire without its mask and really nothing more complex (h/t @kenklippenstein) https://t.co/YqxzmTfF2Y
32696985,NORCALNEWSNET,170,914,,0,837,2,"RT @jdice03: Here's a picture of WH Chief of Staff John Kelly at the moment Trump said, ""We will have no choice but to totally destroy Nort‚Ä¶"
824334765516058628,LJden1,1417,31,,0,1939,1,RT @DonnaWR8: @reallyo1 @TheMeemStreams @SteveBannen @POTUS @StacyLStiles @starcrosswolf @TrumpsBlonde @thebradfordfile @TheLeftIsRacist @A‚Ä¶
97989357,Nuevomedio,5876,0,,0,0,2628,RT @ai_magazine: Assistant Editor Elizabeth Delehanty talks Trump and infrastructure in the newest industry observation. Read here: https:/‚Ä¶
845681715066613761,CheezyBorger,4097,1,,1,4006,3,"Sharyl Attkisson digs deeper: It looks like Obama spied on Trump, just as he spied on me https://t.co/mvBjwOpRJH"
889753225,AmericanRosie,7910,991,,0,7872,103,"RT @CharlieDaniels: I agree, Trump shouldn't have called Kim Jung Un
Rocket Man
He should have called him Murdering Scum Bag."
869860358156144641,AngeloSpanio,379,7,,0,4335,10,RT @FGunay1: @realDonaldTrump Trump gave a summary of the history of the United States. Threats of destruction &amp; genocide sums up US histor‚Ä¶
828370217856176129,shershah54,8,0,ABCPolitics,0,41,0,@ABCPolitics Rouhani is right! Trump delivered speech full of hatred &amp; vitriol against Iran &amp; NK. Nothing of substa‚Ä¶ https://t.co/8CTnMsS58h
741834747773472768,DylanMoorefit,378,11,,0,106,0,RT @infowars: Watch LIVE! Trump To Give Some Strange Support... https://t.co/L3McAmobgu #RealNews #ThursdayThoughts
403825519,PhilipPacheco,157,0,,0,604,4,The Contradiction Buried in Trump‚Äôs Iran and North Korea Policies https://t.co/UPpRO89fQZ
31655327,OneJusticeOrg,2330,4,,0,673,153,RT @AILANational: Associated Press: California sues Trump administration to prevent #borderwall https://t.co/NdojqVtGKt
827875687335878656,Caroli0909,175,11,,0,217,0,"RT @os4185: BREAKING: Media KNEW Trump‚Äôs Wiretap Claim Was TRUE, Lied to the Public | 24HoursNews https://t.co/QtIgBu8nTH"
1547493644,TenaciousEye,2642,16,,0,4107,133,"RT @thegidget33: @ABCPolitics @paulafaris Unless @seanspicer starts exposing the corruption of the trump admin, stop giving him a platform.‚Ä¶"
1078492333,LaddEveritt,1313,307,,0,247,40,RT @Amy_Siskind: 80% of nominations for top jobs in the Trump administration have gone to men - moving us decades backwards  https://t.co/p‚Ä¶
762764227052392449,BenFrankB,490,0,,1,1116,7,"Make America Grovel Again #MAGA 
Is this really what you Trumpsters want? It is not what Trump promised.
More Trump‚Ä¶ https://t.co/y4WtFCLgsP"
3301954655,karmadcha,3039,9,,0,4220,29,RT @InGodIDoTrust: Just put her in jail already so she will shut her pie hole. https://t.co/sECZqIyfNB
4721621234,TheTrumpForum,6240,0,,0,525,15,Mueller is on Trump's side? https://t.co/W5GuE0gSPu
1439067241,VegasRenegade,2239,85,,0,4376,202,RT @MotherJones: The GOP is footing Trump Jr.‚Äôs lawyer bills. Is that legal?https://t.co/QG8QJy8Iu8
318613146,furbyoflove,215,0,LIRIK,0,578,34,@LIRIK This is BS. Trump said it is all a hoax made by the chinese and I believe him.
604579484,jimchambers2,665,0,,0,669,22,Former agent warns the Secret Service has a troubling obsession that's putting Trump's life in serious danger https://t.co/WCTL4JYxBx
900342256707796992,BucheDetector,31,0,TRUMP_NAMVET,0,186,0,"@TRUMP_NAMVET @mosesbread72 Fuck off, idiot"
838127611733692416,JennyPho3,99,459,,0,333,0,RT @Franklin_Graham: What do the leaders of North Korea &amp; Iran have in common w/ liberal media in the US? They all hated @POTUS Donald Trum‚Ä¶
191540911,vegan_gal,250,0,,0,75,29,"You may be able to fool Trump supporters, Spicey, but the rest of us don‚Äôt buy your excuse. https://t.co/iQqvJq90uO"
83841942,elgomes15,473,3741,,0,529,59,RT @JackPosobiec: I'm just going to say it - the whole Russian conspiracy theory is likely just to cover the fact they spied on Trump
15762332,additionad,38,4139,,0,429,0,RT @JackPosobiec: BLM invited on stage at a Trump rally to speak. CNN won't show when America unites https://t.co/OCxFXhpfbV
2814630924,sudeepkhatri,4436,7,,0,2448,3610,RT @MarkGoulston: We're not asking Trump to exercise restraint... which he can't. We're just asking him to pause and reflect before he reac‚Ä¶
28286857,Bara_no_Seidou,118,307,,0,74,19,RT @Amy_Siskind: 80% of nominations for top jobs in the Trump administration have gone to men - moving us decades backwards  https://t.co/p‚Ä¶
801468882754019328,MaryQueenfspots,2273,2370,,0,3677,25,RT @olgaNYC1211: Mueller looking into Manafort's past 11 years.. Know what else happened 11 years ago? Manafort moved into Trump Mob Towers‚Ä¶
135954338,profelattar,269,146,,0,290,9,RT @foxnewspolitics: James Clapper: 'It's possible' that Trump's voice was picked up by Manafort wiretap  - via @dcexaminer https://t.co/AS‚Ä¶
774610524424155136,linda_padula,216,0,jamiewiretalk,1,480,1,@jamiewiretalk @StacyLStiles @realDonaldTrump @HillaryClinton @crusher614 @afbranco @TrumpGirlStrong @mikandynothem‚Ä¶ https://t.co/wcTh9IB3xZ
882278866441687040,EllisOtter,174,2059,,0,392,6,"RT @DanScavino: .@EricTrump &amp; @LaraLeaTrump brought Luke by Trump Tower to hang out w/ family. President @realDonaldTrump, @FLOTUS, @Ivanka‚Ä¶"
1383647425,TottenBill,1174,45,,0,81,173,RT @Amoney666: Trump Just Blocked a Woman With Stage 4 Cancer For Tweeting Her Opposition to GOP Health Care Plan https://t.co/kGHj0qxcQI
111210765,ryo694,1338,150,,0,4988,84,"RT @FoxNews: 71% of Americans Support Trump's Deal With Dems to Keep Gov't Open, Fund Hurricane Relief, Poll Finds
https://t.co/7479NgCEES"
4692948205,_yunggolden,475,69504,,0,180,8,RT @lustforgays: melania when trump dies https://t.co/KudjG5AJiK
3882585913,micheleremonde2,1704,1205,,0,553,16,"RT @GeorgiaDirtRoad: Why couldn't we have just went from Reagan straight to Trump &amp; skipped these other loser presidents?

No more sissy pr‚Ä¶"
69088703,Liam1957,318,227,,0,832,41,RT @KeithOlbermann: NEW: POTUS of Double Standards. Trump can tweet 'Obama's racist' without the government trying to get him fired https:/‚Ä¶
1381116980,weldon_r,331,26,,0,150,1,RT @FoxBusiness: Trump says US will be putting more sanctions on North Korea https://t.co/R5jUntqUS8
873777345240477696,TrumpMuv2Russia,204,0,PostWorldNews,1,530,2,"@PostWorldNews Putin is going to demand Trump hand over the US Citizen detained fighting for ISIS to Assad, Trump w‚Ä¶ https://t.co/nkdzbIGZFh"
863433563911458817,44POTUSsucks,134,129,,0,268,0,RT @DBloom451: Trump must be doing well at UN cuz #MorningJoe is back to RUSSIA! RUSSIA! RUSSIA! #FakeNews from @nytimes and @washingtonpos‚Ä¶
1961516672,jaushouse,654,5,,0,1410,13,RT @FLGatorKing: Is there anything more exciting than the possibility of Trump's election being invalidated &amp; Harambe rightfully installed‚Ä¶
866153478443245568,JamesSm24512691,236,130,,0,556,3,RT @ericgarland: Trump associate Sater was FBI informant as part of plea deal. Awkward! https://t.co/pmVMgsUFkh
18299467,DianeNC,181,4606,,0,253,2,"RT @AmyMek: SILENCE FROM FAKE NEWS

Trump has opened our 1st permanent military base in Israel! This would NEVER have happened under Anti-S‚Ä¶"
829468202480594944,thebeadingnana,1019,105,,0,1181,6,RT @TrueFactsStated: I think it's related. Actual proof that Trump was in communication with Russians re election hack. https://t.co/Ykmnp0‚Ä¶
2565303782,StephenAlley64,4790,8,,0,5151,73,RT @MyPlace4U: @CNN Looks like they have Nada on Trump or campaign collusion if they have to go back 11 years just to get something on Mana‚Ä¶
964423262,NateRva,1913,695,,0,3279,42,"RT @PoliticalShort: In 2016, Obama officials searched through intelligence on U.S. citizens a record 30,000 times, up from 9,500 in 2013 ht‚Ä¶"
182150599,joshmcgilll,733,69504,,0,649,2,RT @lustforgays: melania when trump dies https://t.co/KudjG5AJiK
709828169,Purplegarter1,5016,34,,0,2950,1074,"RT @tparti: Other than the legal fees news, the RNC also reported spending $47,000  at Trump International Hotel https://t.co/pA8upStEqk"
232678279,BinBerlinerIn,7693,1,,0,5646,504,RT @WiPoKuLi: #Trump‚Äôs #UN Speech https://t.co/op3wYuFfHx
1430655745,mcsteve20,962,0,,1,883,24,Here's a thought: change your business model to adapt to the changing market.  Or just blame Trump. https://t.co/SmYJi2av3a
55855345,J_B_ROSE,83,231,,0,491,4,"RT @laurenduca: If ""the media"" was a liberal info machine, there'd be a full-fledged narrative about how Trump might have dementia (see als‚Ä¶"
772590806096080900,Girl5Tenn,219,37,,0,91,14,"RT @christoq: China to Trump: STFU about North Korea, you're not helping &amp; the chances for peace just decreased thanks to you.
https://t.co‚Ä¶"
1945421606,ChocolateLavaC1,968,23,,0,1288,158,RT @SputnikInt: @realDonaldTrump DETAILS: #Trump might order a strike against #NorthKorea https://t.co/l1ijxVK7nX
808726665207496704,UsuckMicrosoft,416,2,,0,76,1,"RT @ShutItUpAnese: @CBCCanada And yes, Trump has emboldened those who hate. He gave them a green light &amp; is actively encouraging bigotry (i‚Ä¶"
27968428,tsimsparker,550,0,repjoecrowley,0,209,35,@repjoecrowley It covers ore-existing Trump tweeted that last night! Why mislead?
757703840669904896,IminHisbook,7825,1,,2,8354,5,"Sanity in our schools. It couldn't happen, could it?
 https://t.co/Ro72Kcc3iS"
885798834,gmomo33,160,780,,0,221,19,"RT @NewtTrump: Yep. They were banking on Hillary winning and thought their spying would never be exposed. When Trump won, they had to cover‚Ä¶"
831891230237786112,YourLastTerm18,5737,30,,0,5425,23,RT @didikins4life: Michigan candidate tests whether Democrats can reclaim Midwest from Trump and GOP https://t.co/8EXYwxinUv via @USATODAY‚Ä¶
788915123012395008,BinderFaith1,280,129,,0,616,6,RT @TrickFreee: Got him @RogerJStoneJr . #citizens4trump #stopthesteal  https://t.co/LDF3LxMESf via @politico
16042794,GuardianUS,195156,3,,3,712,5897,All the president's men. https://t.co/6fdaNaLpUr
834986242659921920,Wolfspirit_73,957,0,vonnmonaco,0,1055,3,"@vonnmonaco If you look at what Trump is doing my campaigning for Luther Strange is he crazy? 
He is a Swamp Rat Ro‚Ä¶ https://t.co/PvPIaSyTY5"
117197740,GreeneyedMinx2,2019,582,,0,3248,39,RT @katxarielle: Lib harassing #Trump guy wearing #MAGA hat https://t.co/UEG9ayX4aI what happened to the party of tolerance? ü§î #MondayMotiv‚Ä¶
3568469379,annk1122,1372,36,,0,2389,34,"RT @Craftmastah: When you couple the #unmasking of the Trump team by Obama political appointees along w/wiretaps of TT, this is a scandal o‚Ä¶"
383784130,mycharlotte5244,119,556,,0,148,3,RT @carlreiner: So grateful to Rachel Maddow who tonite with the help of the NY Times &amp; Wash Post described how Trump &amp; pal Manafort plan t‚Ä¶
850694181785829376,Headsandtails4,4,0,GCando1,0,118,0,@GCando1 @etbrooking @SenateMajLdr @LindseyGrahamSC Lets call it what it is. You're just plain selfish. If you are‚Ä¶ https://t.co/4J22GpBfPm
634686904,CASuperrunner,8835,32,,0,5771,223,RT @TruthFeedNews: Obama Can‚Äôt Get Over the Fact He‚Äôs Not President Anymore in Cringeworthy Speech https://t.co/tvx3QoyN2O via @truthfeedne‚Ä¶
17721912,elk_l,3644,0,,1,5002,139,"Melania Trump condemns bullying at UN luncheon remarkably without dealing with the world's biggest bully @POTUS
https://t.co/nDE3GzDPEL"
3315070480,Harrislaoshi,41,0,NRO,2,211,6,@NRO @jimmykimmel @theodorekupfer Why won't Donald Trump stick to reality shows and real estate?
829143965790187520,1scaredgirlusa,321,323,,0,280,1,RT @DrJillStein: Melania Trump gave an anti-bullying speech at the UN. After Donald Trump's bullying-on-steroids speech at the UN.
795885534690373632,LouisaAvery8,2675,7,,0,386,15,"RT @ReflectionsofJM: üÜïWitch Hunt UpdateüÜï
 Crooked Mueller Now Wants Documents Related to Trump White House Policy Decisions

üê¶‚è¨üê¶‚è¨üê¶‚è¨üê¶‚è¨üê¶ http‚Ä¶"
702874160528121856,CristalLorianne,1909,134,,0,582,175,"RT @BreitbartNews: A Strange defeat ‚Äúcould prompt some GOP senators to retire to avoid facing the wrath of anti-establishment voters‚Äù 
 htt‚Ä¶"
3144779194,TRACEY63WEST,691,260,,0,2086,30,"RT @Impeach_D_Trump: Trump says 1) Obama 2) illegally 3) tapped ""his"" wires at Trump Tower.

Story says 1) the FBI 2) legally 3) tapped Man‚Ä¶"
20792657,Gundisalvus,4521,8,,6,2542,167,This may be the biggest Trump/Tillerson diplomatic breakthrough you'll never about today--like FEMA's strong respon‚Ä¶ https://t.co/TQliO4L4iO
3246208236,biaanncaa_g,149,122,,0,165,1,RT @CNN: Special counsel Robert Mueller has requested documents and info related to events during Donald Trump's presidency https://t.co/iS‚Ä¶
122215980,IndifferentCow,431,659,,0,598,2,"RT @funder: Russian who Manafort offered Trump campaign briefing to is $1.6 billion richer since election‚Äîthis was back in March
https://t.‚Ä¶"
760231840309477377,Ejboudreaux3,180,33,,0,264,1,RT @AnnCarolPerry1: Alabama Radio Host to Trump: We Love You and We Support You But Don't Tell Us Who to Vote For - Breitbart https://t.co/‚Ä¶
4012856212,PirahnaDinsdale,409,985,,0,183,8,"RT @KeithOlbermann: Yet again, I'd like to apologize to the world for Trump. We have elected a 6-year old. We will be removing him as soon‚Ä¶"
23836781,nonconfromist,822,0,hardhouz13,0,2148,26,"@hardhouz13 It might be if you're not currently a victim of the earthquake, the hurricanes, the healthcare debacle,‚Ä¶ https://t.co/FRDusf5Vlg"
2690969066,Tangleoak1,856,50,,0,768,4,RT @4everNeverTrump: It seems that @PreetBharara was fired because he didn't return Trump's phone call... https://t.co/xCUvch2XZq
747420327660101633,Trumppatriot2,247,17,,0,625,33,RT @realDennisLynch: Megyn Kelly tells Ellen that Trump influenced her to leave FOX. Video: https://t.co/FxFdYAAhDw
15293839,mikecrooks,3585,1,,0,5000,113,"RT @Truthteller1349: FBI Whistleblowers:  Mueller Using Evidence from Illegal Wiretapping, Including GHCQ taps, to Build Case on Trump Base‚Ä¶"
727760004875423745,judithblouise,64,433,,0,92,1,"RT @davidfrum: Important piece. Conservatives are praising Trump‚Äôs loud tone at UN, overlooking his weak substance https://t.co/abRRR7KuRU"
322234897,stillwaters1029,2139,0,,0,2984,78,Black Employees At Trump DC Hotel‚Äôs Steakhouse Allege Racial Discrimination https://t.co/0USQz5A3nZ via @TPM
851235026188607489,SandraE_NYgirl,36,1,,0,100,0,"RT @sumbodysbabygrl: @CharlesMBlow money on. Meanwhile, the GOP Congress turns a blind eye while Trump &amp; his swamp picks drain our coffers‚Ä¶"
801662083,raiderjim40,441,2509,,0,219,0,RT @TomiLahren: Waiting for the Libs to cry that President Trump was too mean to the UN and he loves America too much.
270907352,MBradders2,521,12,,0,1603,59,RT @DailyMailUK: Donald Trump snubbed request from Theresa May during private talks to be told his decision on Iran nuclear deal https://t.‚Ä¶
2280896059,Bill55P,134,1,,0,87,21,"RT @LTWJourno: It looks like Obama did spy on Trump, just as he apparently did to me

https://t.co/PVEdfk1rqp"
1924692518,KSITESL,2650,56,,0,4656,96,"RT @BigAlDell: @TrueFactsStated Hubris will be their downfall. Trump, Pence, Ryan, Don Jr., Ivanka &amp; on &amp; on. They can think what they want‚Ä¶"
1234898832,maryannwinck,203,0,smerconish,0,1439,2,@smerconish @realDonaldTrump President Trump üá∫üá∏üá∫üá∏üá∫üá∏üá∫üá∏üá∫üá∏üá∫üá∏üá∫üá∏üá∫üá∏üá∫üá∏üá∫üá∏üá∫üá∏üá∫üá∏üá∫üá∏üá∫üá∏üá∫üá∏üá∫üá∏üá∫üá∏üá∫üá∏üá∫üá∏üá∫üá∏üá∫üá∏üá∫üá∏üá∫üá∏
897576906224263168,COOLBRE02671649,15,0,,1,28,1,Has anyone noticed how Trump supporters tweets slow down during WORKING hours ?  Wonder why that is ?    #thursdaythoughts
825490651768696832,VV4994,30,104,,0,107,0,RT @mtredden: Trump's political appointees are 80% men. It's the most male-dominated government in at least 24 years: https://t.co/ktZZqOnO‚Ä¶
94132483,jetrotter,3260,1214,,0,5001,42,"RT @_Makada_: Liberals want to impeach Trump for mispronouncing the African country Namibia as ""#Nambia"" but most libs can't even find Afri‚Ä¶"
442911106,UnderstandPrej,17123,0,,0,5,212,Dreamers Sue Trump Administration for Ending DACA https://t.co/fSb0AQA0FW
2688271878,sisrum,604,238,,0,401,12,RT @peterdaou: He tries to fly under the radar but just a reminder that #MikePence fully supports Trump's views. https://t.co/OPQyAUd75g
23381863,AliD123,19,0,,0,56,6,"It may sound as a cliche, but this article is spot on. Persistence, determination, and hard work will Trump IQ any d‚Ä¶https://t.co/U6dGIAZbuE"
412780348,trumpy17,6229,3,,0,3677,6,"RT @trumpy17: https://t.co/OZnKiqWMGH
@trumpy17 @AlwaysIntegrity @Aldebaran519 @cactusflower81 @DMHord1 
@lucianomoca @TrumpIsTheBoss3 
Lis‚Ä¶"
1462278134,SR1DD,6000,0,,0,5787,52,Trump to unveil additional sanctions on North Korea https://t.co/K8h86gNs7a
731343204751167489,LeisenStephanie,226,71,,0,764,1,"RT @DrDenaGrayson: üî•Fmr top CIA CoSüëâüèºMuellerüá∫üá∏probing if Manafort &amp; Flynn are #Russianüá∑üá∫plants and did Trump KNOW when he OBSTRUCTED‚ÄºÔ∏è

htt‚Ä¶"
